MsgID,MsgBody
'kxey1bk',good thing get mlbtv free id livid pay still get see team
'kxey8c0',sure would scam
'kxf1zik',cgnat probably worst drawback tmhi use share ips users cant port forward way worse minecraft server youd amaze stuff doesnt work random one day traffic get rout one day rout neighbor thats tmhi really good option high speed internet
'kxf2qaq',really option use spectrum nice lately outages month last hours insane
'kxf327n',nobody internet home early people use big online service like prodigy aol werent real internet even big online server people start get dialup internet thats get think another big thing late early bbss youd dial server would file message text base ever dial use baud modems know long take download megabyte baud lol couldnt play many game internet back people play game local area network lans run ipx protocol internet tcp protocol play lot duke nukem back order play internet buy program call kali emulate ipx network internet let us match think first game actually play internet original halflife unreal back one reason original halflife cool coud play random people internet
'kxf6j9g',watch houston prob
'kxf6thc',hit miss mostly miss feel like change servers dozen time find one mlb block mostly nord better luck surfshark apple tv app yet
'kxf758a',use windscribe work
'kxf9ctx',happy mine usually closer say fine
'kxfco2k',signal metrics like connect also try lock sa thing available network might try push order balance available bandwidth
'kxfcyjo',quick easy call cs give option apply bill take
'kxffadv',tailscale great
'kxfjloo',work use vps tailscale theres need use case options tailscale exist
'kxfn1io',newer camera systems dont use port forward even ones arent havent try one tmhi havent hear problems cameras get others able also
'kxfov5h',use cyberghost problems past years need setup city vpn open mlb app
'kxfoxed',mlb network last night thats
'kxfq18v',check quad mini pro well want see metrics show anything indicate antenna solution buy one also use orbi setup mesh network want check consider chester cheetah anything else
'kxfrqi8',watch western nc late game
'kxfwiyf',sagemcom metrics display incorrect metrics look similar speed compare case antenna would help im far nearest tower take note sagemcom also issue lan speed speed orbi mesh plug lan could limit something near speed
'kxfwufo',gateways capable get iphone one point get mbps download arcadyan get mbps peak hours nice gateways access read post tower upgrade allow get speed mbps download hope update tower one day im still get full bar antenna help lot get full bar improve metrics
'kxfx35b',get steady mbps even anything range consistently happy especially keep ping ms less right think keep flip lte fringe tower get stronger signal drop mbps ping
'kxfy1le',tmobiles brand connection band mmwave tmhi gateways connect main band phone software allow sa aggregation gateways phone higher priority data
'kxfyfxt',connect take advantage speed update firmware read one post show new firmware hes get download gateway pretty awesome
'kxfyryu',cellular selection auto nsa network type auto sa pass data sa work static ip configure auto work connect nsa experience
'kxfz48k',post
'kxfzlaf',may tmobile community support forum
'kxg0xd4',wont use cgnat share ip people
'kxg46vb',uc capable uc issue gateways arent capable standalone least without firmware update arent plus modems inside arent upgrade modern smartphones tower likely already update gateways stay mode lte without firmware update enable standalone
'kxg5e11',always pick city near either team try vpn
'kxg5f03',create double nat gateway router option
'kxg6176',asus gear pass sometimes refer access point something similar turn wireless access point switch way create double nat scenario though would lose advance feature asus gear
'kxg6cbo',mean anything tmo gateway avoid double nat zero reason use asus access point mode otherwise add mesh system extend reach wifi signal save
'kxg6ds6',make difficult possible redeem rebate im assume sizable number customers say forget move thus save money theres many post tmo home internet customers able access account get auto pay monthly discount able redeem rebate coincidence company cut corner way shape form fashion save make extra buck
'kxg8fqh',hope reach soon desperate get away xfinity
'kxg8uc8',think find reddit https
'kxg9uev',think ever get update support
'kxgangy',consider try upgrade nokia trashcan stay put
'kxgaq2y',post wasnt home internet issue upgrade tower improve speed
'kxgb3vh',think
'kxgbudy',happy tmhi go back spectrum originally switch spectrum raise rate get tmhi new promotional rate mo price lock spectrum actual spectrum speed im get plus get credit could get mobile phone line free year internet decide tmhi service good recently keep drop minutes time speed less mbps also worry outage would lose phone internet service service phone might different get tmhi case get poor data speed phone home get much better speed tmhi cant really tell try get data speed phone locations far home call spectrum cancel probably offer much better price youre currently pay although period might vary
'kxgeef0',https https manage access switch laptop concern link device longer prompt enter validate peace mind theres option transfer fund https
'kxgfrnx',cool hope one day update firmware like
'kxggwlq',brand model one find think say phonelex
'kxgi09v',like exact one available amazon moment theres bunch five boosters amp amazon im wait waveform come tomorrow
'kxgk1zt',try put sa last time gateway could make connection factory reset
'kxgkhq9',currently configure nsa change behaviour also try switch apn gateway go info flash red lead minutes come back greeen lead connectivity automatically add new apn default
'kxgkk1r',go hard troubleshoot without phone use reference could issue line tower issue something account sorry wish could help
'kxgpj58',find use extra bandwidth depend band connect cable use could gain nothing
'kxgxmos',firmware version ship firmware field upgrade tower upgrade
'kxgxo9g',spoof vpn gps spoof separate gps spoof app use windscribe work fine
'kxgxswy',ok
'kxh0j5e',use android yeah unfortunately ios user like murica gps spoof apps easily way use jailbroken ios device believe third party tool mac use developer tool available macos never mess though vaguely aware thing back pokemongo craze full swing remember hear people
'kxh6t7x',see add list reason wont switch iphone work iphone get annoy
'kxh99rr',happy cut tie xfinity
'kxhdpqg',always try theres commitment day test drive dont like cancel within days theyll credit cost essentially free try three things keep mind tmhi bottom ring priority ladder theres guarantee gateway connect antenna even tower phone iow speed tmhi may lower phone game ping may problem maybe game experience vary subscriber subscriber though dont get cut tmhi monthly deprioritization point mean hit within service month service deprioritized normally mean could see drastic drop speed new monthly cycle start set speed deprioritization mean speed would fluctuate
'kxhf2ja',udm play teleport give go thank
'kxhfw9g',guy vs stock antennas spitz ax location much improvement waveform quadmini omnidirectional antenna offer improvement offer term db gain currently rrsp expect gain quadmini omnidirectional instal inside due current setup outside mount option directional due budget lack option outside mount
'kxhhg6s',right
'kxhjj9y',post remove reddit account less one week old low comment karma subreddit allow account negative comment karma account less days old measure reduce troll ban evasion please try post account days old positive comment karma action do automatically bot bot action perform automatically please contact moderators subreddit question concern
'kxhop8r',im help
'kxhpwjo',im amaze speed ping live line site one mile tower see window rsrp sinr get ping sometimes even ive even hit time usually im around less max phone tmhi band
'kxhuhf5',difficult help diagnose issue without information question write sure talk tmhi modem mention move around home wifi two tmhi modem receive cellular signal tower wifi provide wifi signal inside home could provide mention information well tmhi modem help lot better
'kxhv95m',extra buck lol good really need ask worth congestion play factor tower stability
'kxhzaa6',three options good start
'kxi0d1u',nothing issue insane ping packet loss ruin every game today terrible service couldnt even speed test packet loss today
'kxi17a2',havent touch race internet stability shoot reps say clue issue resolve play assetto corsa hesi ping would register get race detail load longer wait normal players ai rubberbanding play low population lobby people wouldnt issue mcdonalds wifi
'kxi2ddk',mlb channel
'kxi2ifj',use seattle los angeles server nord vpn one issue nord work great mlb
'kxi3ocv',make sense
'kxi73ip',happen couple weeks ago well call tmo say tower maintenance estimate finish date last week go weeks unusable internet
'kxi9766',sim swap business account portal need call support want try rule bad sim happen
'kxicd2i',know switch setup run wifi might better result
'kxidwz8',switch anyone reply perform better speed packet loss highest test im gon na keep try see might worth run instead
'kxie87i',probably important point case older tmhi plan
'kxikfis',anytime soon reason
'kxikrte',wouldnt happen cell booster would brand duo window base unit communicate interfere gateways wifi signal severely cant use home internet
'kxin0yw',order device find anywhere
'kxirpl4',crazy sa get higher ping nsa let say example use nsa get almost valorant stable time get spike thing sa use sa get like extra ping like rout suck idk tbh stable really care
'kxj6v65',home packet loss happen gateway test bad location keep move packet loss
'kxjc1ty',really try get speed consistent flip post speed mbps double triple ping within minutes wfh play game stream anything consistently reliably defeat purpose internet begin
'kxjc5aa',get speed even half consistently thrill need stabilize enough functional
'kxjdct2',surprise know port forward work tmhi observe cant stream plex record local network plex server port forward enable work use xfinity cable modem problem live view playback reolink cameras app work anywhere whether im home network tmhi use someone elses cellular data maybe someone else explain technical difference apps like reolink retrieve live stream central server wouldnt wyze app work like
'kxjfivr',mine alibaba
'kxji677',cause ring door bell connect tmhi view live away brand solar power wifi camera guess work dont
'kxjma6r',anything except little white square gateway decide switch back starlink
'kxjw65p',feel free message us learn lumos fiber internet
'kxk0hlk',must really good area tmobile cause get packet loss
'kxk66aa',stats like get ping though
'kxk79he',could help depend direction noise come try put bake behind gateway point towards tower see things improve stats pretty good lte stats
'kxkf5bj',issue smart devices randomly reconnecting throughout day switch wifi mesh issue stop dont mind buy refurbish wifi mesh router system https via ebay sale set via ethernet use hint control app disable wifi gateway edit speed theres really way increase use provide equipment place window face closest know tower increase signal strength
'kxkft38',concern packet loss indicator speedtest use app mac packet loss number plain weird time mean good speed good throughput good internet experience speedtest show wildly random packet loss number real decide ping packet loss test use terminal highest ever get less percent also use another online packet loss tester numerous test never exceed percent im confident speedtest packet loss number
'kxkfv6t',info u think router suffice
'kxkh0te',would sufficient asus overkill need access point switch mesh cuz relative get downsize tiny condo
'kxkjnmv',order tmaybe home internet today order ask rep nearest tower relation apt location close cross finger cant rock upload speed dog shit coaxial cable anymore
'kxkjsav',brother locate northeast
'kxkl7fx',vegas
'kxkq107',cable option id go reliable tmhi either tmhi huge net trash
'kxkq9xb',thing implement unlimited service start jan unlimited service begin date exempt
'kxkqi0v',get last piece pie slower phone users also depend tower bandwidth also theres plenty good stats still get crap speed dont know money situation would try stick optimum
'kxksu2i',choose tmhi fiber fix home
'kxwk641',mlb subscriber season every year twice week depend game mlb reserve right black game give broadcast right stream service sometimes dodgers game end apple tv peacock espn frustrate still get watch game still worth
'kxwkz4x',full bar bad connection know bar dont mean much ive never bar kind speed get mine
'kxwl2t7',know
'kxwlogi',though get full bar around edit want say even download game xbox take hours little finish download
'kxwmwqp',gateway full advance metrics tabs
'kxwmzos',sound right cant complain tmobile available provider comcast neighbor want charge run line place top similar speed offer vs pay still able play xbox fine cant play till next day theres update lol suck youre issue though
'kxwncdy',buffalo service hold steadily lmao way since last night lot people detector website report home internet slow completely ton comment assume wny thing know sure
'kxwodwm',update last night mlb black colorado rockies game due denver ip address baseball team clear like last year seem problem first days season
'kxwq79o',router
'kxwr2jn',speed must nice cave pay mediacom run fiber house road great backup wish great speed seem get service get moment could get mimos good day theres depri
'kxwuptg',issue google devices gateways ive use
'kxwvaov',buffalo connection right less morning
'kxwvvbv',lucky literally every gateway ive use flaw dfs cause google home nest thermostat lose mind
'kxwxmdg',happy least download upload
'kxx0bj0',https https take speed test get back walk still speed dont use tmobile cellphone carrier try say phone tether https https use go verizon unlimited talk text data ever need phone
'kxx1810',acadyn look like sagemon everything default
'kxx1k95',take sim card home internet router put sim cellular router get speed uncongested tower around heavy congestion last long run entire house never point download cameras multiple tvs multiple game systems cell phone bar lie speed modem router come experience deal box new router end buy snapdragon modem get great speed even say signal weak could never get speed rec bin
'kxx22yz',check get update well rev check yesterday
'kxx349p',fw think rev hardware exist yet
'kxx3h4e',saw post yesterday someone share info show rev firmware
'kxx55m3',dont understand work direct connexion via ethernet gateway download time like morning maximum download didnt move gateway clear sunny day ive change nothing dont get
'kxx5ydn',one know firmware upgrade available ive never get notice app firmware version
'kxx73yy',give us area location street maybe
'kxx8002',fast
'kxx8lew',fast rsrq rsrp sinr band lte cqi rssi rsrq rsrp sinr band
'kxx8wff',weird stop broadcast early morning lucky still old isp another days return
'kxx9cbz',member group post get firmware update overnight wont get notice understand happen one night
'kxxcv8g',gateway metrics report correctly either native app hint control app display always show bar due inaccurate information firmware issue particular device side look pretty good though possible tower connect doesnt backhaul gateway could use better placement home placement make difficult bad report move around rotate slightly spot try let settle run speed test observe metrics good way outside first side home remove construction material interference base cgi could try get portable power supply try closer tower also perpendicular see signal edge
'kxxeco0',issue ohio storm roll thru last night think first time happen even tmobile cell phone slow
'kxxep03',time ive see post firmware update actually make things worse
'kxxgk6q',briefly months back arcadyan get terrible throughput compare sagemcom like dl latency sag fine ever since get depend time day high traffic tower definitely notice recent qci upgrade midday use
'kxxh0wz',want better speed home get directional antenna youre modify router
'kxxh6il',actually havent get update deal double speed ill take
'kxxi4zf',data point add fw revision see ping marginally better speed little better upload
'kxxie9m',would expect radical improvements fw update unless coincidence tower upgrade time
'kxxkn05',insane speed
'kxxlu05',new get
'kxxmcgc',currently get newest firmware update band havent reconnected band since update whatever reason
'kxxnmlj',get wire wifi unhappy would like get wifi use wifi pack mesh wifi get even coverage throughout house
'kxxpkoc',gateways require connection either connect thread past couple days one new gateways get nsa connection via first instance close years read sub firmware update knock unknown know band connect prior update bad firmware history gateways
'kxxqpki',say move antenna around days ago though might play part
'kxxr7u9',get code send new one
'kxxsph0',worth every penny model put sim card even lock specific use metro common knowledge pay every time switch phone model change imei mimic cell phone tablet pretty much mimic device imei take sim card put take normal data get cell phone blast thing truly amaze want trade thing end pay full price exact type router model dual sim card slot turn around order model single sim card snapdragon instead plus tax performance better vs still pretty model normally get around tower congest mbps still plenty enough run entire home giggle try upload picture speed test
'kxxu5yz',seem probable want change unlimited unlimited magenta max phone order new unlimited line cancel old one
'kxxu6qa',use nokia gateway shut come external router two pixels work great google home ive setup years wifi router archer
'kxxueft',think upfront money little pay month cell phone plan use house x honestly pay advance service plan get speed use also last month go mbs x never throttle extreme gamer model amaze lock onto specific cellular band impossible throttle lock specific band lock mine fastest band offer around aggregate multiple lte band one take advantage full speed carrier offer work best turn lte use band n
'kxxvdq3',area report outage upgrade face slow speed past two days say fully restore friday april
'kxxwl6t',say youre issue think pixels might affect drop packets devices pixel tmhi occasionally wed see weirdness happen things wouldnt load would load odd everything else around house fine end set little script router watch incoming data sure enough theres hiccup pixels issue think theyre sensitive
'kxxwxf1',bad consistently go mb
'kxxxpig',apply well
'kxxydeh',ipad sometimes ipad would show connect wifi would internet nokia modem believe problem network create single network tmhi app connect ipad ipad never lose internet connection
'kxy1bct',cancel many issue upload speed drop
'kxy3a1f',factor determine real time download speed give time location signal strength interference weather concurrent neighborhood usage
'kxy3ryt',use separate router hook internet box box router drop often really problems
'kxy73xb',wifi speed need chance really hardwire speed test
'kxyddn0',happy tplink deco mesh wifi hear good things eero mix things google
'kxydss6',set mtu ttl router
'kxydtq3',unless devices purchase youre go benefit much wifi older devices connect band
'kxyemmd',dont bother use one ethernet switch connect wire clients
'kxyfcpk',mesh network set end give asus brother replace isp router make weep inside curse cgnat
'kxygfp4',years ago
'kxyhmhg',smart home devices use wifi im heavy download phone everything else thru ethernet
'kxylto4',want comment let know speak tonight move different tower get internet back speed call yet might worth see honestly expect anything chat person first tell nothing wrong try bring gateway replace end different problem later even need technical support thankfully able get home internet fix well
'kxyly98',arent use vpn service google ones build vpn think
'kxymbwo',say certain cant remember pw webui google thread mention possible
'kxymq88',status like distance tower
'kxynigy',call support big discrepancy connection speed happen fix remotely mins like midnight rerouting around tower undergo maintenance
'kxynvqs',stupid think stupid
'kxyo98t',think provision issue definitely call customer support might also defective unit way
'kxyp751',ever solve try bunch things still peg around mbps learn router lan speed gateway seem limit factor
'kxyp9lr',around tower
'kxypacd',speed place full packet loss swap signal packet loss know consistent speed
'kxypajy',connect instead mine fuckin day last week wake next fine
'kxypoxx',call many time fix
'kxypqfq',change
'kxyprjx',stupid
'kxypv0g',still stand typically closer shouldnt little better mbps
'kxypvkt',two tower close automatically try connect closest undergo work override rerouted automatic connection could connect tower work fine sorry wordy explanation hopefully make sense tell knowledgeable stuff overall vouch accuracy
'kxyq6wd',agree stupid signal strength speed others say call customer care acceptable opinion
'kxyqd3y',use router settings broadcast phone connect
'kxyqt6u',say call normal
'kxyquy1',support reddit lol mine get bar mbps upload wasnt always like though support hook new device reset signal device absolutely outrageous theyre screw though
'kxyqvlu',probably live next door tower give head ceo
'kxyqwo5',get im like miles away tower
'kxyra4p',lan tell either cable youre use cat better cat regular maxes mbps b driver sit windows need update dont trust windows automatically update driver may seek oem c ethernet port youre connect whatever device youre connect ethernet mbps port instead gig
'kxyrbx5',tower overly congest
'kxyro0j',want read faq post weve literally see hundreds post people get bar less mbps speed equal number post people get one bar gig speed bar matter sinr congestion sinr mean less stable connection speed issue connection drop need sinr yes get bar signal sinr worst sinr possible
'kxyrvto',sure know issue sagemcom fast ethernet port nothing ethernet cable well post forums
'kxyrxzu',dont internet wireless get speed cant even play youtube spotify take forever facebook load
'kxys083',reply want true confirm use cable tp link gigabit ethernet network adapter test edit think right make frustrate use home build cable triple check connections look correct verify crimp connectors end compatible matter something must use small purchase patch cable lan speed sigh feel stupid thank force check cable
'kxysf3o',unit connect lte connection bar measure
'kxytkhn',live duplex house live room slow go floor bathroom get download upload go outside download upload long island copiague new york
'kxyu95e',check phone data compare call let know somethings
'kxyve1f',expect open see like
'kxyvi35',apparently common issue pay buck month op describe would ask support fix never personally experience big gap even travel wifi work except tower issue fix phone
'kxyvzcx',believable
'kxyw6x0',advance signal metrics please
'kxywrh0',wrong
'kxywt8r',live bigger
'kxyxfmz',crazy idea op actually call finally comment support fix embarrass update lol please correct us say
'kxyytld',need clarify something buy device give buy device use give wifi basically hotspot phone build run
'kxz17jx',get mine complain cold take nap
'kxz1s8o',still doesnt really excuse anything
'kxz1v4q',normally say theyd theyd tell turn leave couple minutes plug back never work though
'kxz1yyj',agree common misconception
'kxz2mwg',hope first month use get refund cancel
'kxz6b0w',pay xfinity around pay run test get
'kxz766g',find extremely believable
'kxz7xlj',cry like little man take l move get overall emotional fam
'kxz82rf',ive pay vdsl offer mbps rural sc ive pay month early comcast offer day higher mbps hours moms apartment dsl mbps xfinity always bandwidth share mean stable speed id gladly pay know part experience high speed internet especially cheapest option available isnt dial still run anywhere month depend area
'kxz8p36',dont mean anything cell metrics
'kxz8y5h',get bar try ask different maybe get bad one
'kxz9umg',mean guess depend area op seem happy speed either happy get currently get mbps download little lower usual support uninterrupted hd stream reddit phone work laptop simultaneously op barely open facebook op thing offer area check starlink commit wait minutes webpage load
'kxzce0r',exactly cell metrics
'kxzeqj0',something could do plan change rep try get sale unfortunately count false churn get pay anyway
'kxzeu3l',change rate plan
'kxzez13',get outta bar consistently get map dl
'kxzf0pn',u try restart device place near window
'kxzfxfi',app mine massive signal bandwidth could get modem band distance bandwidth reach three tower city great coverage previously get mbit support say change modem argue say fix issue still think firmware provision issue argue days support bs fix swap modem
'kxzh2ue',get literally live walk distance tower
'kxzhn2m',pixel use tmhi months problems connect tmhi hub arcadayn google nest mesh network via ethernet also turn tmhi hub radio use hint app pixels work hiccup fyi
'kxzjhpu',look network settings windows look adapter settings properties network connect configure advance scroll set auto navigate work intend speed wifi try settings though look speed party mesh may something settings limit say happen directly ethernet gateway could either pcs adapter cant go old settings mention
'kxzjtgq',signal low priority bandwidth
'kxzjwbl',home internet near bottom bucket priority congest tower totally possible
'kxzk14e',strength doesnt equate speed
'kxzk5ru',sagemcom gateway always show bar display due firmware issue device report metrics post advance metrics tab tab give people start point help understand gateway receive signal truly isnt signal receive base metrics could number things congestion tower maintenance tower provision etc part reason bar matter doesnt show real picture signal receive
'kxzk6in',problems go tmobile store ask get replacement give old one ask whats wrong tell em likely get defective unit
'kxzke1l',issue geez deprio understand pretty sure turn hotspot data would similar hint phone data get higher priority side youre still get mbps theres folks pay month mbps wire connection
'kxzldzc',must try force youtube tmo suggest best stream result keep stream service settings resolution mode ive stream youtube phone fine kpbs sd stream happen mbps hell general web usage doesnt need mbps webpages load minute mbps starlink also get sell customers pay less mbps time dial access k average month heavier items like large download really notice lower speed hell game happen mbps long latency low isnt packet loss
'kxzmqy6',similar issue different speed connect tmobile ssid get like router switch aps gigabit max read forum issue lan port tmobile gateway im sure cgnat cause issue anything else vpns
'kxznmdb',rsrp etc
'kxzp7z6',simple hardware difference congestion arent deprioritized continuous basis network congest hardware difference always
'kxzth64',struggle get two bar time hold steady steam without issue
'kxzw26b',bet super fun party complain state speed amaze come thread criticism instead simple advice way could word without need put someone simply understand prioritization tower learn people skills follow rule
'kxzwgti',imagine wait one minute webpage load
'kxzyo7b',problem occasionally check advance cellular metric see band connect connect lte learn user issue external router plug gateway issue unplug netgear router use mesh throughout house gateway power unplug gateway wait second replug power gateway wait completely check advance cellular metrics usually always reconnects replug power netgear netgear gateway something external router cause connect lte
'ky01v7e',work fine days slow laggy hell even excellent connection real rhyme reason pm etc
'ky05exp',get bar mbps isnt normal second call store
'ky06kky',gateway box extremely sensitive location degrees rotation inch movement direction cause big change speed
'ky07nop',dont lie us
'ky094ih',think get answer force even sign conversation later subscribe online anyway sprint conversion standalone tmhi plan different tmobile account phone would need change ownership merge
'ky098s8',sound like gateway lan port negotiate mbps instead gbps able visibly verify least one devices
'ky0ashf',newest model name escape right either reset last night speed jump instantly tower disconnect things internet phone signal data hours think cause
'ky0avyz',modem ask new white one
'ky0caf8',trouble frequently reboot router get speed mbps mbps reboot router bring mbps mbps even say excellent connection time make wonder whats go router might contact support soon though also suppose get fiber soon might switch available
'ky0com0',vpn
'ky0eeci',use asus aimesh system work great internet speed decent
'ky0fmfz',swap imei router
'ky0h2ai',better router
'ky0h2nz',cant really say sometimes still get range test get thru wifi ethernet swap ethernet cable gateway router perhaps help go hope find something work
'ky0h3qe',check morning still firmware update slow speed call do yesterday mention storm roll ohio tuesday one tower area one gateway connect cause slower speed nearby tower like mine wait repair get do eta
'ky0hdvk',call yesterday say interference canadain border upgrade didnt mention anything timeline fix claim nothing could morst rerouted nyc check speed still give nyc servers
'ky0i1x6',doesnt work cancel return isnt contract fee cancel go back old service provider
'ky0ioo6',tmobile
'ky0it7v',problem tmobile
'ky0j3kl',use different firmware
'ky0jup7',phone also tmobile get also crap tower hammer maintenance
'ky0kbg0',might want try someone else first time speak get runaround tell tower timeline fix second person say tower able get go say truth tell also surprise bs exactly sure think move onto different tower reposition gateway think apparently say refresh connection also setup new network opinion experience customer service hard know true far first time give two different explanations anyway good luck man hope get run soon definitely ask courtesy credit never problem get credit issue like pay something work
'ky0lrn9',case period time hsi change one account another case anymore
'ky0m6wi',shop around new router mesh system make sure newer ax technology wifi make sure invest hard earn money older technology https
'ky0qgep',try high gain directional antenna home know tower im sure would help although necessarily lot obstructions
'ky0qlxp',sign people even technically qualify service get sale pressure sell service result people get congestion cancel service put address location get service set customer address cancel service go right back cable crazy fast first get course year keep get slower slower point even stream
'ky0r5tz',use cell booster make signal better unusable im perfectly happy bar good lte good enough online game
'ky0r94a',connect wifi router connect modem ethernet use hint app via wifi turn modem wifi back
'ky0so7d',ever get two maybe three bar get consistently
'ky0uxhw',get five bar front window wasnt close enough devices sacrifice bar get good speed great speed good enough
'ky0zrq3',somethings right full bar least rural area heavy populate
'ky1082s',get much better wifi good enough game smaller lobby watch netflix youtube
'ky10jel',post remove reddit account less one week old low comment karma subreddit allow account negative comment karma account less days old measure reduce troll ban evasion please try post account days old positive comment karma action do automatically bot bot action perform automatically please contact moderators subreddit question concern
'ky12iob',good distance tower external antenna get bar weak signal old grey connect get download upload fairly rural lot tree mountains cellular basically option
'ky13brx',get use cellular sign fiber cable much happier
'ky13h42',go ive min hourly test since switch cox also placement anytime service slower number users last night slowest result upload speed hit hardest get min later morning lte signal full bar even slower speed experience buffer quality stuff dont play online game though read main issue home internet service still im pay instead almost buck cox even lower cox slower service tmhi win rsrp rsrq rssi sinr band lte rsrp rsrq rssi sinr band
'ky1h66r',dead zone around start get better around miles away mmwave cellspots get instal around town usually help
'ky1i3qr',live major metro area lot people get tmhi since first tower congest slowdown happen people get night middle night get speed
'ky1jvw5',common problem easily find use search function nintendo use service mean users host game tmobile use cgnat mean ip address users mean nintendo wont work right since multiple users ip way fix use vpn service
'ky1m5tn',buy party router band lock get rid headaches
'ky1m8lh',depend router youre use unlimited home internet use dedicate routers little generic wifi hotspot ones folks plan situation rep correct new account unlimited plan router loan free return end service
'ky1np0m',figure haha thank much post find minutes ago archive comment anything
'ky1nr4z',indoors ventilate closet waveform antenna outside
'ky1o4to',mine mount antenna tripod peak roof
'ky1ogtf',didnt want punch hole roof make hurricane resistant fl
'ky1tjev',need nat type multiplayer tmobile assign randomly choose use app reset router keep check settings playstation type
'ky1tol3',status device refer combination signal strength ratio bunch metrics disclose combine standardise way air interface area highly contend youll see terrible throughout backhaul link service tower area highly contend youll see terrible throughout true youll see atrocious throughout way either network configuration issue within network problems fix upgrade
'ky1uran',tech illiterate moron friend moron moron would come say dumb things refuse listen educate seek information better stop put dude
'ky1uyb4',type nat could probably get around weird setup would add latency worth game like destiny use hybrid system work fine type world warcraft pc fine florida chicago datacenter thing really control optimal placement gateway house best connection second thing control room cant reason look ethernet port turn use ethernet setup mesh system
'ky1vgdr',appreciate really want hammer home little understand stuff hop would get responses could somehow parse thank
'ky1xggj',idea remote play problem multiplayer wish could pay little remotely
'ky1xq57',good ones want one change imei replace provide gateway want get one expensive atm
'ky1y923',high
'ky1yupb',mean
'ky20jtt',plug back move
'ky21lo7',bar speed vary gateway
'ky21rnn',post remove reddit account less one week old low comment karma subreddit allow account negative comment karma account less days old measure reduce troll ban evasion please try post account days old positive comment karma action do automatically bot bot action perform automatically please contact moderators subreddit question concern
'ky23t89',ping think delay measure ms share screenshot speed also share picture device see model
'ky266cg',try change mtu size https go wifi settings hover wifi name press options advance options sure tho mtu size could something wireless connection try set pick id try compare usually get nat rarely good signal
'ky293zf',use additional router set tmhi device modem actually return first one think bust call duty would never let join lobby hope help work fine ever since get second modem
'ky2bkk3',dream router
'ky2bsr7',interest old modem set app connect tmhi
'ky2bt5b',people understand separate different level show way different speed first need make sure wifi set automatically decide put better separate two different ssids entirely second back point make sure low band low band fast typically range even slower low band channel look app see channel slowest form want best case scenario mmwave high band high band usually around ping
'ky2coxw',add last reply would avoid use extender probably slow speed
'ky2d4xy',device around congest tower thing actually tell rerouting clear device hlr initiate onto network
'ky2dsm2',call support ask switch different tower ask ton question get tmobile internet weeks ago slowest speed megs fastest almost see tower front yard also near window cell tower internet isnt perfect isnt everyone
'ky2ebkj',could tmobiles gateways high band high band like higher tmobile though categorize mmwave
'ky2enjf',time people refer mmwave high band generic term yea technically high band
'ky2g508',interest reason use live long narrow rowhouse build like seem like signal wasnt get back well ill try pull extender see thats really case
'ky2g5d6',absolutely outrageous theyre screw though must miss something op complain performance screw
'ky2h0ye',comment correct bar dont matter much snr signal noise ratio matter
'ky2ilv7',question use wifi w roku firestick house relation tmo gateway wall chimneys might degrade wifi signal laptop plug gateway directly run ooklas speed test speed see
'ky2jmt4',switch sma adapter might work dont expect switch small compact antenna open circuit connect anything wire make cable
'ky2kof1',happen week house ct say connect nothing load even speed test continuously fail connect happen usually around every morning continue afternoon havent issue year start happen
'ky2kso9',get business force block really want get around youll need router connect via vpn youll need get third party gateway support glinet really awesome gateway support connect vpn nordvpn others support port forward fix
'ky2l9ax',speed test
'ky2lh4a',iphone get one half gigs
'ky2m3sz',issue router residential version tmhi use something call cgnat let port forward
'ky2ndi5',synology nas look set cloudflared docker container nas set cloudflare tunnel connect way give access nas cloudflare tunnel regardless port forward cant tmhi anyway guidance solution https
'ky2ohnp',base internet unreliable person person place place unless option really use primary internet connection
'ky2oplh',nothing bad luck tmobile nyc dead spot nj home state get blaze speed coverage inconsistent
'ky2pre4',much charge keep
'ky2t3ln',might even create another layer nat could game also screenshot speed addition picture device model would help troubleshoot connection
'ky2tzgj',tech say advance routers business become semi sales call wish know protocol relate
'ky2u827',instal big help since use cloudflare dns website
'ky2uqid',dont perfect connection excellent bar graph meaningless didnt share radio metrics app idea signal good secondly want accurate speed test test ethernet wifi lastly dont indicate home modem cant help
'ky2uxms',totally get one im home figure post lol technologically illiterate
'ky2v40l',probably charge dont return
'ky2vfpz',luck
'ky2zld0',gateway long extension cord dont unplug replug try different areas house remember higher bar dont always equate higher speed get two bar
'ky2zvjn',get link like investigate
'ky2zxyj',galaxy z fold yeah use website instead app
'ky30lz6',pixel issue sure wireless believe gateway
'ky30viy',excellent dont need new router
'ky31d1t',new modem move modem near window u suppose signal strength doesnt matter
'ky31tug',strength speed
'ky3215j',app make difr network g
'ky32jaf',home internet app split band possible sim card defect
'ky34god',post remove reddit account less one week old low comment karma subreddit allow account negative comment karma account less days old measure reduce troll ban evasion please try post account days old positive comment karma action do automatically bot bot action perform automatically please contact moderators subreddit question concern
'ky353yb',know happen keyboard warriors talk ass
'ky37y0l',already make mistake unfortunately
'ky37z2l',think around
'ky381x5',bad well look like im sell
'ky39qw2',get paypal g ill pay need one put antenna lead dont damage lease one
'ky3c4nt',customer emotional support
'ky3c587',people use tower probably lot traffic time
'ky3fe5x',man tell bring old gateway original gray cylinder one exchange newer one worlds better gon na go today try hope true download diablo take hours unacceptable today internet speed
'ky3g2bg',work perfectly thank
'ky3g5ka',course im happy help
'ky3g5nz',one ebay
'ky3gv1c',business version internet allow static address assign gateway work downside rout static ip connections region latency connection higher average
'ky3icsw',get business account static ip
'ky3ks7z',bar
'ky3l9w0',remote play work fine already special setup need make use
'ky3lls8',post photo
'ky3may5',common way handle change like seem completely random manage things like case send new sim card swap current gateway completely new line things pretty common
'ky3mzs6',look different look look like render uhd format design phone screen
'ky3n734',speed differences see normal phone plan network priorities tower home internet service lower two tiers priority home internet use bandwidth tower deprioritized behind traffic speed issue reboot also common stock gateways common cause due overheat well generally poor firmware suggestions would add fan gateway search examples print mount etc setup mean automatically reboot gateway kind interval nightly others weekly use smart outlet kill power set time understand work api endpoints possible setup script reboot gateway properly require something network online reboot request raspberry pi something similar dont keep computer
'ky3ncee',contact remove block business line
'ky3ng5t',probably log goto settings forget network relog back check connect
'ky3njyf',smart outlet tip actually super helpful turn back say minute interval super smart thank
'ky3nq32',new update router would recommend get free current box one ensure make correct sim card active
'ky3nrw5',remote play wont connect enable work fine home wifi im work wont connect
'ky3nt7m',within gateway also near window wall wall materials compose wall cqi really low compare metrics
'ky3nvor',hasnt actually drop today pixels despite change anything even weirder imo
'ky3o0cc',thank idea though
'ky3o5e7',near window floor
'ky3oace',work
'ky3pd8t',website newer gateways still show regard firmware info
'ky3qktr',sort electronics near signal power strong im almost tempt tell get away glass could low e coat butcher rf
'ky3r7gf',bad
'ky3r9oc',signal awesome tower probably congest
'ky3syuy',pixel work fine gateway good verizon coverage shit wifi call glorious
'ky3t1b6',energy efficient window
'ky3uo3a',cant believe youd pay speed either far watch youtube thats big loss really isnt much worth watch anyway go ahead bite bullet get cable internet wont regret
'ky3uoz4',matter say excellent doesnt mean youll get fast speed area specific placement gateway key
'ky3wtm5',throttle death behind traffic want great experience everyone
'ky3y0yp',dependent along hardware get might call support help get mbps right peak hours
'ky3yekb',go years issue suddenly september become trash never even peak time peak even stream show excellent cell metrics external antenna trash complain everyone months even fcc tmobile say congestion much congestion phone time push tell anyone near get tmhi good luck
'ky3yjkk',gladly pay run fiber house
'ky3zxvw',see tower block away get good
'ky40zv6',upside
'ky416yr',two days ago whatever reason way better today back normal
'ky442tk',activation fee free trial period worth try
'ky44sc4',work well doesnt mean everyone lot people already respond good things say hint work well seattle consistently area may upgrade yet insanely congest
'ky455oa',move want us say rude
'ky47jdp',order try setup return day receive bar get less mbps
'ky47l21',little miles away tower bar one tower area live mountainous region lot hill valleys tree coverage really hit miss get pretty nice signal average tmhi neighbor cant get signal house perfect spot relation tower didnt use matter much signal really go far bounce around greater speed much much worse coverage area
'ky47l33',aware random screenshot information sure ok
'ky47pl0',pixel normally use eero mesh routers rather one sagemcom gateway test use sagemcom dont get extremes op see tend connect gbps wifi instead faster gbps disconnect pixel wifi reconnect usually connect gbps otherwise pixel get somewhat better wifi speed laptop eero sagemcom
'ky47y1j',good way better mine also band one better ones live rural area tower band low speed high range band
'ky48zpe',good situations imo dont care much internet want browse web check email live area option high speed internet im second group dsl could get thrill get tmhi last year im get im rural area tower never congest enough people tmhi still isnt perfect id never use steady speed vary greatly ping suck cgnat horrible time im thankful tmhi ill switch fiber soon finish splice terminals house pay double triple solid internet connection totally worth
'ky4br46',think get better speed near tower far away long directly good
'ky4cogg',w ping vary location time day amount users tower time late night get time single digits good browse web stream movie
'ky4cpf5',work return lol location work great
'ky4cxqx',get like like
'ky4cxtg',use router behind gateway could mtu set mismatch read issue verizon use router think call case relevant good luck
'ky4jcqw',result may vary work fine two people work home full time cgnat annoy better alternative starlink dsl
'ky4k8kt',live area cheapest reliable option one night crappy internet support fix phone call otherwise reliable internet use year right peak hours
'ky3l9w0',remote play work fine already special setup need make use
'ky3lls8',post photo
'ky3may5',common way handle change like seem completely random manage things like case send new sim card swap current gateway completely new line things pretty common
'ky3mzs6',look different look look like render uhd format design phone screen edit eh agree run test chrome request desktop phone look extremely similar stand correct
'ky3n734',speed differences see normal phone plan network priorities tower home internet service lower two tiers priority home internet use bandwidth tower deprioritized behind traffic speed issue reboot also common stock gateways common cause due overheat well generally poor firmware suggestions would add fan gateway search examples print mount etc setup mean automatically reboot gateway kind interval nightly others weekly use smart outlet kill power set time understand work api endpoints possible setup script reboot gateway properly require something network online reboot request raspberry pi something similar dont keep computer
'ky3ncee',contact remove block business line
'ky3ng5t',probably log goto settings forget network relog back check connect
'ky3njyf',smart outlet tip actually super helpful turn back say minute interval super smart thank
'ky3nq32',new update router would recommend get free current box one ensure make correct sim card active
'ky3nrw5',remote play wont connect enable work fine home wifi im work wont connect
'ky3nt7m',within gateway also near window wall wall materials compose wall cqi really low compare metrics
'ky3nvor',hasnt actually drop today pixels despite change anything even weirder imo
'ky3o0cc',thank idea though
'ky3o5e7',near window floor
'ky3oace',work
'ky3pd8t',website newer gateways still show regard firmware info
'ky3qktr',sort electronics near signal power strong im almost tempt tell get away glass could low e coat butcher rf
'ky3r7gf',bad
'ky3r9oc',signal awesome tower probably congest
'ky3syuy',pixel work fine gateway good verizon coverage shit wifi call glorious
'ky3t1b6',energy efficient window
'ky3uo3a',cant believe youd pay speed either far watch youtube thats big loss really isnt much worth watch anyway go ahead bite bullet get cable internet wont regret ps id check iphone wifi help diagnose problem still crappy use phone tower problem crappy wifi likely extremely crowd tower also see speed get morning help figure whats go
'ky3uoz4',matter say excellent doesnt mean youll get fast speed area specific placement gateway key
'ky3wtm5',throttle death behind traffic want great experience everyone
'ky3y0yp',dependent along hardware get might call support help get mbps right peak hours
'ky3yekb',go years issue suddenly september become trash never even peak time peak even stream show excellent cell metrics external antenna trash complain everyone months even fcc tmobile say congestion much congestion phone time push tell anyone near get tmhi good luck
'ky3yjkk',gladly pay run fiber house
'ky3zxvw',see tower block away get good
'ky40zv6',upside
'ky416yr',two days ago whatever reason way better today back normal
'ky442tk',activation fee free trial period worth try
'ky44sc4',work well doesnt mean everyone lot people already respond good things say hint work well seattle consistently area may upgrade yet insanely congest
'ky455oa',move want us say rude
'ky47jdp',order try setup return day receive bar get less mbps
'ky47l21',little miles away tower bar one tower area live mountainous region lot hill valleys tree coverage really hit miss get pretty nice signal average tmhi neighbor cant get signal house perfect spot relation tower didnt use matter much signal really go far bounce around greater speed much much worse coverage area
'ky47l33',aware random screenshot information sure ok
'ky47pl0',pixel normally use eero mesh routers rather one sagemcom gateway test use sagemcom dont get extremes op see tend connect gbps wifi instead faster gbps disconnect pixel wifi reconnect usually connect gbps otherwise pixel get somewhat better wifi speed laptop eero sagemcom
'ky47y1j',good way better mine also band one better ones live rural area tower band low speed high range band
'ky48zpe',good situations imo dont care much internet want browse web check email live area option high speed internet im second group dsl could get thrill get tmhi last year im get im rural area tower never congest enough people tmhi still isnt perfect id never use steady speed vary greatly ping suck cgnat horrible time im thankful tmhi ill switch fiber soon finish splice terminals house pay double triple solid internet connection totally worth
'ky4br46',think get better speed near tower far away long directly good
'ky4cogg',w ping vary location time day amount users tower time late night get time single digits good browse web stream movie
'ky4cpf5',work return lol location work great
'ky4cxqx',get like like
'ky4cxtg',use router behind gateway could mtu set mismatch read issue verizon use router think call case relevant good luck
'ky4jcqw',result may vary work fine two people work home full time cgnat annoy better alternative starlink dsl
'ky4k8kt',live area cheapest reliable option one night crappy internet support fix phone call otherwise reliable internet use year right peak hours
'ky4m9fy',predict
'ky4mglj',get part metrics bad hav excellent sinr rsrq rsrp kind download speed get
'ky4mp5d',better
'ky4mqtf',memo antenna worth
'ky4mqtj',share photo mb speed less
'ky4n2ip',guess
'ky4n2qa',clue try tell cgnat talk cgnat know cgnat play game op list get disconnect issue voice chat work well
'ky4n9tt',app computer could cause common one killer ethernet driver dell computers see kill bandwidth make sure special wifi software computer random tip
'ky4nm9w',emotional support https
'ky4oe2x',glad switch read nonsense post spew everywhere get tiresome
'ky4oo1n',gotcha interest still think use vpn best bet
'ky4oxqt',picture take instead screenshot try say tmhsi slow money slow vpn https vpn https
'ky4qs9p',install connectors need hook external antenna work
'ky4r8ct',aware every location different tho mioght work u others
'ky4uoyb',years currently get around
'ky510vw',switch wifi better result give try
'ky53zn2',drop mine get different provider somehow advertise reliable internet doesnt work perfectly like providers internet cant unreliable youre pay switch
'ky55msr',vary manufacturer worse usually bad good better great
'ky5e70v',frequency signal technology lower frequencies travel farther less bandwidth major carriers use combination lower higher frequencies band network traditionally lack spectrum give disadvantage coverage recent deployment help improve
'ky5k57c',contact customer service create support ticket within two days internet speed restore usual mbps
'ky5lqhu',get vpn vpn work others
'ky5r2wn',solid
'ky5r7as',pick server new orleans la test connection alabama find time able get worst result impress anyone especially someone play ton helldivers wow starfield
'ky5rcum',get stream media wfh pay
'ky5sr43',much jitter
'ky5vp1d',dunno well support reliable plain good enough cheapest suffice cable dsl regional fiber provider go live wire string put etc neighborhood already available gladly stick reliable fastest available need fastest anyways avg cost vs lowest tiers guy least reliable enough even quite good yes happy
'ky5yaag',closer better best ive see like
'ky5yecw',must congestion reason op get bad speed could faulty wifi antennas unit
'ky5yqrk',rule wifi thats first step troubleshoot use wire possible
'ky5z6vw',also content filter permit stream
'ky5z9li',shut stream use anything else besides business
'ky629kr',tampa get fiber haha
'ky636is',modem original gray cylinder one suck get like mad suggest upgrade newer square modem since free anyway get mbps mbps peak hours around mbps mbps great
'ky6700c',mine get bar im middle country download get shit mess bad
'ky673c4',stupid statement bullshit lie
'ky67b2b',area
'ky67f69',reason mtu nothing cgnat op issue
'ky67zha',photo screen instead screen shoot definitely something wrong
'ky69xi6',couple days im run appropriate speed
'ky6fedg',adapters really work new tmo gateway buy something similar amazon seem bigger size dont fit snug anyone try tmo gateway
'ky6hvhh',think customer retention department dial stop abuse forums nonsense topics
'ky6i50m',mean fix
'ky6igbc',today yesterday
'ky6ijvk',take photos im sure post dm
'ky6kqzo',believe suspend line months think log account
'ky6kr03',didnt realize chat earlier thread mention dunno send photos test result speed way lower usual maybe earthquake dl mbps ul mbps ping idle latency download latency upload latency connections multi device model
'ky6lxau',rude move along
'ky6mcqc',suspend days twice year theyll charge month instead full price
'ky6mmh8',add smart lock program send alert whenever unlock also add cameras monitor property alarm rise squatters thank tiktok
'ky6n9db',reply question year waitlist test drive tmhi forget cancel sign back thru app months ago gateway arrive door days later
'ky6ojso',youre option comcast drop single digit every night stay pay btw lose connection couple time hour whenever contact customer service read script make waste three hours day tech come tell oh yeah end might work work couple months crap
'ky6ol0y',well sure get result last test ping jitter average speed never issue stream devices time
'ky6rhyl',issue change mtu help ping spike
'ky6vng5',dont tmobile phone verify congestion would request new unit stats good
'ky6xdlh',damage port mine accidently drop move shit around lol actually rip trace pcb buy new port small trace wire poorly solder back lol seem work ok cell metrics match ones get weeks since send receive email havent charge yet lol
'ky6xly8',term service outline website someone definitely know talk
'ky6yje9',fine three years
'ky6yppy',im try someone elses unit didnt want get stick pay later
'ky6z7n9',like may switch worse reset didnt fix area eclipse users also might tower cause congestion
'ky6zifn',remove
'ky72c6w',true say bs use
'ky72ypq',know network operate
'ky73e7b',answer question never say expert share work
'ky73kbh',great get lucky
'ky749de',answer op comment since seem expert
'ky75r6d',wonder force anytime soon protect ever increase network integrity issue thank different address workaround
'ky7698c',havent try reset router although area say eclipse
'ky7a7q8',advance feature mean complicate result support call
'ky7adj0',like theyre trouble sell
'ky7bncj',piss coffee maker morning dont like question vote like human
'ky7c574',get setup work nsa try force sa wont connect static qeng servingcellnoconn qeng qeng ok cgdcont
'ky7ek7d',say cant static ip small business internet move small biz home internet either way issue likely sim get new sim switch inseego gateway send trash pick spitz ax great far
'ky7eos0',apn believe static use different apn
'ky7eseu',always come give unlocator try smart dns option work devices include apple tv device configure log unlocator account enable mlb region settings https https
'ky7fqe7',possible gateway change band around mine sometimes lock onto produce speed like probably congestion
'ky7i3jt',live two tower around half mile either direction get seem crapshoot cellular
'ky7kn3l',ip compatible sa nsa
'ky7ku4b',correct apn static ip devices support though quectel router module router use try adjust apn pdp context disable sa
'ky7n5r7',static ip around
'ky7o1gs',wild get one im sure go without would help much see tower tree though
'ky7omle',still free trial test first result great replace local isp offer reason end cancel subscription
'ky7ooic',post remove reddit account less one week old low comment karma subreddit allow account negative comment karma account less days old measure reduce troll ban evasion please try post account days old positive comment karma action do automatically bot bot action perform automatically please contact moderators subreddit question concern
'ky7pni0',get regularly let test drive reason
'ky7q38x',know
'ky7q6il',wrong account type small biz think
'ky7q7yz',try didnt work
'ky7qbj2',tinker settings hopefully sim
'ky7qnrj',take year whatever tower get somewhat usable location dependent
'ky7qq8z',good buy another one wow thats insane disclaimer waveform provide unit free charge review didnt buy another one clearly lie way id trust article
'ky7qvqj',second unit purchase writer keep first unit
'ky7wsat',get biz svc doesnt availability issue next ready
'ky7z77f',good actually purchase one money
'ky7zfhn',would happy could change freak dhcp settings
'ky80tq6',pro band lock legit headache crappy hardware
'ky811uz',link find amazonalsp web ui command base
'ky81gaq',web ui pretty basic get job do also lot info sub set https https chat usually take like mine hook deco mesh system gateway mode
'ky820lq',yeaaa work like days
'ky82fl9',tampa florida get mbps move rural colorado get mbps time day
'ky82mdd',go change imei
'ky82oob',yah change one
'ky82sid',like reset one month use gate way daily
'ky82ygy',say business term actually work tmobile business try karen go read website learn read karen https
'ky836fd',internet problems nokia trash modem call get three bar three bar speed absolutely fantastic dont think bar even mean single thing download speed anywhere download upload speed anywhere upload maybe exchange modem tower also miles away
'ky83eir',either dm post imgur link either way ok either
'ky841o4',try dming
'ky84phl',variables test come conclusion different band gateway test chester modem single test doesnt say much rather consistency service guess convenience worth
'ky85o00',see switch name pixel pro doesnt seem share feel though honestly id encourage everyone turn tmhi wifi use third party device
'ky87e3u',new special program standard business plan absolutely
'ky87n1q',term years lmao keep try make case already say full shit get prove wrong proof another claim karenfailed
'ky87tfi',speed extender
'ky89n11',get similar number day tell tower issue dont time update resolution hopefully get upgrade
'ky8dcrg',call remove filter stream everything
'ky8gg7b',even turn wifi app lol
'ky8hnew',different type limit usage one https
'ky8idd3',pay ship deal
'ky8iy95',tower maintenance unlimited plan hit terabytes month
'ky8k64d',pm
'ky8papq',unlimited kinda windy today maybe something
'ky8s3l5',modem support look auto best way hook connect laptop ethernet cord see area house best speed house need let live go bar screen look section metrics want defiantly
'ky8t25r',put advance metrics help
'ky8t53w',wind shouldnt affect signal notably
'ky8tuco',service back
'ky8v8jx',contract could engage bait switch isnt one theres advantage lower speed free trial period fact would financially stupid theyd lose business would extra cost refurbish use gateway could many things tower maintenance system congestion prioritization kick connect different antenna even different tower altogether havent already try restart gateway doesnt change anything put gateway long extension cord dont keep unplug plug back try different spot around home even rotation place make difference remember higher signal strength doesnt always equate higher speed spot house get better metrics every category yet speed barely enough stream yet normal spot get two bar speed average lastly try foil behind gateway kind like dish satellite setup like graphic https look foil grey gateway red arrow point toward tower actually hang foil curtain three layer thick x back fan top gateway without cant connect fold top half inch lip hang edge fan cut slit bottom wire stick back gateway power cord usb fan cord mine https window
'ky8vnje',information thank
'ky8voju',information
'ky8vpv0',respond
'ky8vtos',look maybe thats better fit
'ky8xpjd',get speed non peak hours till get slam low doesnt last long next couple min even higher fluctuate quite bite peak hours key doesnt affect use home stream movies music web use mail text work issue even peak
'ky8zup0',find party gatway amazon gift card balance
'ky944g1',like know motivation live florida happy service maybe frustrate speed mode feel free remove post
'ky956oz',trump bible might explain nuttery
'ky95mnl',model advance metric number placement
'ky96qnj',nut job
'ky97qlr',internet gateway idk metric number router monitor
'ky97xqs',would outlet reboot router disconnect internet personally use wemo know require connection order switch power back
'ky98r15',find advance metric number
'ky98xuf',seem get ip sa mode matter due translation nsa mode always get private core address reboot switch sa ip keep translate successfully also notice translate ip always take path closest exit point real public ip nsa mode private core ip could potentially take many different paths reboot find closest speedtest server change along overall performance latency bandwidth sometimes actually better even sa latency wise
'ky9aed2',trump
'ky9akyf',really fast
'ky9b4uw',home internet app start
'ky9bb7m',op comment didnt take anything trump except fact conspiracy theories almost always link far right
'ky9bmtm',logic make sense actually super dangerous climb tower radiation highest probably tenfold
'ky9bo2z',step step https
'ky9brbv',think crazy crazy need politics weird much stuff link trump nothing trump
'ky9buh6',say connection excellent run like ping game
'ky9c5kv',show
'ky9ck6e',thread party gateways pretty good array routers available
'ky9d4c7',little different
'ky9d827',sacrifice good us dare sour name like turn gay bet didnt know ya mister smarty pant take tower save townspeoples souls holiday man
'ky9ex8s',think mind control
'ky9fbq6',sign point
'ky9garj',fact antenna window arcadyan ft away shelf pretty much invalidate test move mine ft away window speed drop dramatically
'ky9gkni',idiotic conspiracies include cell signal general maga tend go hand hand mean nutballs even link covid many caliber people score utterly ridiculous conspiracy theories im say maga prone believe idiotic conspiracy theories believe idiotic conspiracies tend maga trump sell bibles wackadoodle carry bible attack cell tower stretch mean
'ky9i2ag',mention trump name like rabid dog
'ky9ix18',motivation know guy personally mental episode friends family try best help marine corps vet go hard time
'ky9iy62',nope
'ky9jk85',wait come people go lose mind horror think g literally stand generation little higher thats tiny consider microwave go visible light come range around thats thousand time higher maximum microwave higher bright note expect another huge leap even greater latency time faster operate ghz terahertz thz wavelengths also speed time faster biggest problem ive internet latency awful live far tower
'ky9l0po',dude go hard time piece shit immediately assume otherwise
'ky9li45',something connect hotspot
'ky9loph',never set turn
'ky9lvk1',model gateway look exactly like waveform video look like board label antenna red label plug
'ky9m74o',venn diagram nut trumpers circle
'ky9mc8u',good speed
'ky9mvmc',work company fix stuff like constantly get consumers call threaten us complain equipment shit idea literally time problem incompetence straight vandalism guy call lose shit work home outage gon na get fire couldnt fathom take hours us fix mile stretch fiber shoot multiple place dont even get start electrical outages take equipment wild people like exist cost company individuals millions year real reason
'ky9ne67',actually carry bible https https
'ky9nor4',remember fast
'ky9ohrp',mimo antenna end pull red lead leave instal work great
'ky9ojsw',think could install mimo though
'ky9p3md',website trash
'ky9qagq',suspect since gateway model
'ky9qw8e',try hard people like shit
'ky9r3n5',nice live click shitty article
'ky9rb05',great yeah iinet australia
'ky9rckx',bet thank comment come someone hasnt post comment tmobile year valuable opinion
'ky9rlru',one claim buy something second time even though first unit sponsor
'ky9sib1',claim true second unit purchase full price would like receipt
'ky9skbl',device absolute crap get samsung band tmobile device support follow band nr dod lte band work outside house basically work lte house
'ky9uz6a',bad except load ping number downstream upstream regular ping around load ones suck ass pretty much mean anytime use bandwidth latency jump sky high one downsides tmhi fiber business latency stay matter load unload big deal users make harder play type online game web browse get slow
'ky9vvuo',deal
'ky9zl26',may wan na give tmhi call see maintenance go area could definitely effect experience also try place device different areas home screen face towards area tower important step make sure use approve address would also check address file internet
'ky9znjo',spectrum right trial test game yet im want ditch spectrum bad lol
'kya10v1',consider cancel service first want determine current service truly unlimited plan new plan include certain consumption limit bandwidth decrease suspension fee sound reasonable
'kya2iga',totally fine pay suspension fee dont want wait line old provider awful fact maybe pay month two use still worth dont know else work around
'kya9d2f',hook external antenna teal blue white pin use test put together fast mile model canada closer design older
'kyabhft',use red ones seem work fine
'kyadusd',rebate scam fall do multiple people get sorry honor
'kyagq8h',post remove reddit account less one week old low comment karma subreddit allow account negative comment karma account less days old measure reduce troll ban evasion please try post account days old positive comment karma action do automatically bot bot action perform automatically please contact moderators subreddit question concern
'kyahq4q',post remove reddit account less one week old low comment karma subreddit allow account negative comment karma account less days old measure reduce troll ban evasion please try post account days old positive comment karma action do automatically bot bot action perform automatically please contact moderators subreddit question concern
'kyatryp',part absolute best samsung show value like tho clear theres little tangible difference though
'kyawm9f',backup plan call ask
'kyb56h1',network overload better product
'kyb5ivr',service address originally sign different address use qualify
'kyb6a35',see first hand white model plague problems previous model combine tmobile tech mountain west
'kybd5ah',get party gateway control connect network
'kybqfxc',know get downvoted fuck truth
'kybqqw8',im glad save marriage
'kybqu8c',antenna provide garbage go waveform quad mini mount outside point directly tower consistent upload download speed
'kybrwis',im download bar midwest
'kybs2b3',difference feet slight rotation make huge difference signal receive gateways yes antennae omni directional place certain way device rotation help best place always intuitive placement assistant app generally worthless good hear work require level start shell money
'kybwyc5',gateway address
'kybzqv9',think cross mind dont anything lose say im unwilling disconnect home broadband expensive rock solid
'kybztgn',wife mean youre dog house lol anyway placement key dont even near window office near middle house top bookshelf feet hight nothing surround open space thing hit bar lte use omnidirectional antenna cellular metrics consistent use hint app also turn wifi app advance metrics use hint app lte bar rsrp rsrq rssi sinr band bar rsrp rsrq rssi sinr band
'kyc41xg',think location matter way think move mine third time seem lot better
'kyc45mn',didnt mean get attack article fine bite mislead ignore troll
'kyc5fis',experience live rural community leave century link two half years agony far good white modem
'kyc5lt9',know rock solid would l home location plug car hear people put car even
'kyc61s0',model australia circuit upside cell signal receive day prior glad figure gl
'kyc6om8',absolutely right
'kycfjw4',expensive
'kyci9im',especially consider run one friends house fiber
'kycvsbm',get already external antenna test shoot wait mount run entire home office without hitch
'kycw8ya',question think antenna inside gateway device omnidirectional however yesterday bottom apps cellular metrics page active antenna say directional omnidirectional external antenna attach time today say omnidirectional speed still great yesterdays anyone ever see directional omnidirectional mean significant
'kycwpiu',speak call take hint tech support
'kycx0ea',say white gateways issue common gateway see throughout day thats good thing especially consider customers gateway
'kyd0kj3',service third equation two part spectrum capacity backhaul capacity spectrum capacity congestion specific sector band thay sector cause poor download speed many users sector tower backhaul capacity refer fiber line thats connect tower wan depend location typically awesome signal slower data service internet gateway normal data service phone capacity issue capacity challenge areas capacity challenge cellular carriers usually isnt viable land lord will rent space new site state local government wont allow big build sit
'kyd11xk',deadlines call null sectors dont start get better miles away band reach far reliably without high gain directional parabolic yagi antenna even rsrp rsrq tandem sinr make virtually unusable
'kyd1qbi',people reception strength quality signal interference noise ratio better youre closer populate areas null one tower cover sector neighbor site equally thay neighbor sit null sectors cover adjacent tower etc sectors cant overlap much end low dominance phone doesnt know tower connect also close average within miles tower put vertical beamforming tower signal quality actually deteriorate closer get within mile area
'kyd1xvn',lucky thay distance gnat fart cause packet loss fact sit perfect spot
'kyd3k0q',depend tower
'kyd4igv',hear many people brag colossal speed get assume must live suburbs rural see plenty fast rock solid complete tower modernization plan modernize might call see do already closest tower tower modernization last weeks good luck
'kyd5dxc',old computer lay around put another ethernet port load pfsense boom router firewall device
'kyd6i6z',read use antenna get best signal either directional omni time gateway use signal strong enough one like smart enough use need automatically
'kydcqbv',pm chat
'kydi3zu',try change wpa version
'kydkqom',show network list aes
'kydngya',mesh systems connect ghz ghz probably want separate ssids connect mesh system router possible hint control app apple turn band shape change channel frequencies operate least sagemcmom
'kydodbb',change channel frequency new one create may able router hint control app android iphone google printer model maybe search channel compatible wireless range extender see channel set
'kydvgn2',happen recently also customer service technical support awful make switch routers twice fix anything upload speed switch cox next day
'kydxhth',sim card slot reset button try stick paper clip second power
'kydzqfi',routers problem general rule thumb ever one router per internet connection use routers simple switch access point wifi use wan port disable dhcp note tmhi gateways already routers multiple routers together create situation call double nat outside homelab situations never something want though whole point standardize wifi manufacturers still kind whatever want may add additional compatible devices may advertise interoperability brand also use feature little cross finger general rule within control stick one brand wifi equipment product line brand wifi mesh come long way since first implementations years ago nature mean always less ideal perform worse wire ethernet connection also worse direct wifi connection sans interference primary access point router consumer offer asus linksys etc understand mesh wifi network operate receive data use multiple antennas assemble data forward along next node operation stop introduce latency expose unique combination rf interference environment work around browse web likely experience appreciable difference web data transmit intermittently break web browser send receive request multiple piece data enough time make latency lan constant uninterrupted data rat require live stream stream something netflix another service usually fat buffer data smooth inconsistencies give uninterrupted experience live stream live need little delay possible mean virtually buffer much less tolerance use analogy think try fill pool water water hose ethernet cord mesh hand line people pass bucket water eventually pool fill without losses
'kye1cjv',get power lead wifi anything
'kye2fix',multiple pixels issue multiple issue routers band steer crap feature split configuration network separate pixels would connect zero issue really think band steer feature use gateways multipel msps wifi design worst
'kye30g9',trouble find turn wifi gateway delete network two one seem
'kye6m4t',iamromulan make work fail test please help issue
'kye7xkh',happen roku ghz roku couldnt see channel
'kye87j8',think nator tator say could order switch number like exchange plug plug depend location band try connect
'kye8dng',current configuration per waveform
'kye9819',really experiment get best
'kye9d7g',might try two three three two
'kyec5sz',post remove reddit account less one week old low comment karma subreddit allow account negative comment karma account less days old measure reduce troll ban evasion please try post account days old positive comment karma action do automatically bot bot action perform automatically please contact moderators subreddit question concern
'kyed0dg',confirm ask tech support work buy expensive gateway
