MsgID,MsgBody,roberta_sentiment
'kxey8c0',sure would scam,Negative
'kxf1zik',cgnat probably worst drawback tmhi use share ips users cant port forward way worse minecraft server youd amaze stuff doesnt work random one day traffic get rout one day rout neighbor thats tmhi really good option high speed internet,Negative
'kxg0xd4',wont use cgnat share ip people,Negative
'kxgkk1r',go hard troubleshoot without phone use reference could issue line tower issue something account sorry wish could help,Negative
'kxgpj58',find use extra bandwidth depend band connect cable use could gain nothing,Negative
'kxh6t7x',see add list reason wont switch iphone work iphone get annoy,Negative
'kxi0d1u',nothing issue insane ping packet loss ruin every game today terrible service couldnt even speed test packet loss today,Negative
'kxi73ip',happen couple weeks ago well call tmo say tower maintenance estimate finish date last week go weeks unusable internet,Negative
'kxi9766',sim swap business account portal need call support want try rule bad sim happen,Negative
'kxikrte',wouldnt happen cell booster would brand duo window base unit communicate interfere gateways wifi signal severely cant use home internet,Negative
'kxirpl4',crazy sa get higher ping nsa let say example use nsa get almost valorant stable time get spike thing sa use sa get like extra ping like rout suck idk tbh stable really care,Negative
'kxj6v65',home packet loss happen gateway test bad location keep move packet loss,Negative
'kxkjnmv',order tmaybe home internet today order ask rep nearest tower relation apt location close cross finger cant rock upload speed dog shit coaxial cable anymore,Negative
'kxkq107',cable option id go reliable tmhi either tmhi huge net trash,Negative
'kxwkz4x',full bar bad connection know bar dont mean much ive never bar kind speed get mine,Negative
'kxwmzos',sound right cant complain tmobile available provider comcast neighbor want charge run line place top similar speed offer vs pay still able play xbox fine cant play till next day theres update lol suck youre issue though,Negative
'kxwvvbv',lucky literally every gateway ive use flaw dfs cause google home nest thermostat lose mind,Negative
'kxx55m3',dont understand work direct connexion via ethernet gateway download time like morning maximum download didnt move gateway clear sunny day ive change nothing dont get,Negative
'kxxep03',time ive see post firmware update actually make things worse,Negative
'kxy1bct',cancel many issue upload speed drop,Negative
'kxy3ryt',use separate router hook internet box box router drop often really problems,Negative
'kxynvqs',stupid think stupid,Negative
'kxyo98t',think provision issue definitely call customer support might also defective unit way,Negative
'kxypajy',connect instead mine fuckin day last week wake next fine,Negative
'kxyprjx',stupid,Negative
'kxyq6wd',agree stupid signal strength speed others say call customer care acceptable opinion,Negative
'kxyquy1',support reddit lol mine get bar mbps upload wasnt always like though support hook new device reset signal device absolutely outrageous theyre screw though,Negative
'kxyrbx5',tower overly congest,Negative
'kxyro0j',want read faq post weve literally see hundreds post people get bar less mbps speed equal number post people get one bar gig speed bar matter sinr congestion sinr mean less stable connection speed issue connection drop need sinr yes get bar signal sinr worst sinr possible,Negative
'kxyrxzu',dont internet wireless get speed cant even play youtube spotify take forever facebook load,Negative
'kxyvi35',apparently common issue pay buck month op describe would ask support fix never personally experience big gap even travel wifi work except tower issue fix phone,Negative
'kxywrh0',wrong,Negative
'kxz1s8o',still doesnt really excuse anything,Negative
'kxz1yyj',agree common misconception,Negative
'kxz8p36',dont mean anything cell metrics,Negative
'kxzk5ru',sagemcom gateway always show bar display due firmware issue device report metrics post advance metrics tab tab give people start point help understand gateway receive signal truly isnt signal receive base metrics could number things congestion tower maintenance tower provision etc part reason bar matter doesnt show real picture signal receive,Negative
'kxzk6in',problems go tmobile store ask get replacement give old one ask whats wrong tell em likely get defective unit,Negative
'ky05exp',get bar mbps isnt normal second call store,Negative
'ky0i1x6',doesnt work cancel return isnt contract fee cancel go back old service provider,Negative
'ky0jup7',phone also tmobile get also crap tower hammer maintenance,Negative
'ky0qlxp',sign people even technically qualify service get sale pressure sell service result people get congestion cancel service put address location get service set customer address cancel service go right back cable crazy fast first get course year keep get slower slower point even stream,Negative
'ky13h42',go ive min hourly test since switch cox also placement anytime service slower number users last night slowest result upload speed hit hardest get min later morning lte signal full bar even slower speed experience buffer quality stuff dont play online game though read main issue home internet service still im pay instead almost buck cox even lower cox slower service tmhi win rsrp rsrq rssi sinr band lte rsrp rsrq rssi sinr band,Negative
'ky1jvw5',common problem easily find use search function nintendo use service mean users host game tmobile use cgnat mean ip address users mean nintendo wont work right since multiple users ip way fix use vpn service,Negative
'ky1tol3',status device refer combination signal strength ratio bunch metrics disclose combine standardise way air interface area highly contend youll see terrible throughout backhaul link service tower area highly contend youll see terrible throughout true youll see atrocious throughout way either network configuration issue within network problems fix upgrade,Negative
'ky1uran',tech illiterate moron friend moron moron would come say dumb things refuse listen educate seek information better stop put dude,Negative
'ky2coxw',add last reply would avoid use extender probably slow speed,Negative
'ky2dsm2',call support ask switch different tower ask ton question get tmobile internet weeks ago slowest speed megs fastest almost see tower front yard also near window cell tower internet isnt perfect isnt everyone,Negative
'ky2g5d6',absolutely outrageous theyre screw though must miss something op complain performance screw,Negative
'ky2ilv7',question use wifi w roku firestick house relation tmo gateway wall chimneys might degrade wifi signal laptop plug gateway directly run ooklas speed test speed see,Negative
'ky2kof1',happen week house ct say connect nothing load even speed test continuously fail connect happen usually around every morning continue afternoon havent issue year start happen,Negative
'ky2ohnp',base internet unreliable person person place place unless option really use primary internet connection,Negative
'ky2uqid',dont perfect connection excellent bar graph meaningless didnt share radio metrics app idea signal good secondly want accurate speed test test ethernet wifi lastly dont indicate home modem cant help,Negative
'ky353yb',know happen keyboard warriors talk ass,Negative
'ky37y0l',already make mistake unfortunately,Negative
'ky381x5',bad well look like im sell,Negative
'ky3nvor',hasnt actually drop today pixels despite change anything even weirder imo,Negative
'ky3nvor',hasnt actually drop today pixels despite change anything even weirder imo,Negative
'ky3r7gf',bad,Negative
'ky3r7gf',bad,Negative
'ky3uo3a',cant believe youd pay speed either far watch youtube thats big loss really isnt much worth watch anyway go ahead bite bullet get cable internet wont regret,Negative
'ky3uo3a',cant believe youd pay speed either far watch youtube thats big loss really isnt much worth watch anyway go ahead bite bullet get cable internet wont regret ps id check iphone wifi help diagnose problem still crappy use phone tower problem crappy wifi likely extremely crowd tower also see speed get morning help figure whats go,Negative
'ky3yekb',go years issue suddenly september become trash never even peak time peak even stream show excellent cell metrics external antenna trash complain everyone months even fcc tmobile say congestion much congestion phone time push tell anyone near get tmhi good luck,Negative
'ky3yekb',go years issue suddenly september become trash never even peak time peak even stream show excellent cell metrics external antenna trash complain everyone months even fcc tmobile say congestion much congestion phone time push tell anyone near get tmhi good luck,Negative
'ky455oa',move want us say rude,Negative
'ky455oa',move want us say rude,Negative
'ky4n9tt',app computer could cause common one killer ethernet driver dell computers see kill bandwidth make sure special wifi software computer random tip,Negative
'ky4oe2x',glad switch read nonsense post spew everywhere get tiresome,Negative
'ky53zn2',drop mine get different provider somehow advertise reliable internet doesnt work perfectly like providers internet cant unreliable youre pay switch,Negative
'ky5r7as',pick server new orleans la test connection alabama find time able get worst result impress anyone especially someone play ton helldivers wow starfield,Negative
'ky5yecw',must congestion reason op get bad speed could faulty wifi antennas unit,Negative
'ky6700c',mine get bar im middle country download get shit mess bad,Negative
'ky673c4',stupid statement bullshit lie,Negative
'ky67zha',photo screen instead screen shoot definitely something wrong,Negative
'ky6hvhh',think customer retention department dial stop abuse forums nonsense topics,Negative
'ky6lxau',rude move along,Negative
'ky6ojso',youre option comcast drop single digit every night stay pay btw lose connection couple time hour whenever contact customer service read script make waste three hours day tech come tell oh yeah end might work work couple months crap,Negative
'ky6yppy',im try someone elses unit didnt want get stick pay later,Negative
'ky6z7n9',like may switch worse reset didnt fix area eclipse users also might tower cause congestion,Negative
'ky7adj0',like theyre trouble sell,Negative
'ky7bncj',piss coffee maker morning dont like question vote like human,Negative
'ky7q6il',wrong account type small biz think,Negative
'ky7q7yz',try didnt work,Negative
'ky80tq6',pro band lock legit headache crappy hardware,Negative
'ky87n1q',term years lmao keep try make case already say full shit get prove wrong proof another claim karenfailed,Negative
'ky9aed2',trump,Negative
'ky9bb7m',op comment didnt take anything trump except fact conspiracy theories almost always link far right,Negative
'ky9bmtm',logic make sense actually super dangerous climb tower radiation highest probably tenfold,Negative
'ky9brbv',think crazy crazy need politics weird much stuff link trump nothing trump,Negative
'ky9garj',fact antenna window arcadyan ft away shelf pretty much invalidate test move mine ft away window speed drop dramatically,Negative
'ky9gkni',idiotic conspiracies include cell signal general maga tend go hand hand mean nutballs even link covid many caliber people score utterly ridiculous conspiracy theories im say maga prone believe idiotic conspiracy theories believe idiotic conspiracies tend maga trump sell bibles wackadoodle carry bible attack cell tower stretch mean,Negative
'ky9i2ag',mention trump name like rabid dog,Negative
'ky9jk85',wait come people go lose mind horror think g literally stand generation little higher thats tiny consider microwave go visible light come range around thats thousand time higher maximum microwave higher bright note expect another huge leap even greater latency time faster operate ghz terahertz thz wavelengths also speed time faster biggest problem ive internet latency awful live far tower,Negative
'ky9l0po',dude go hard time piece shit immediately assume otherwise,Negative
'ky9mvmc',work company fix stuff like constantly get consumers call threaten us complain equipment shit idea literally time problem incompetence straight vandalism guy call lose shit work home outage gon na get fire couldnt fathom take hours us fix mile stretch fiber shoot multiple place dont even get start electrical outages take equipment wild people like exist cost company individuals millions year real reason,Negative
'ky9p3md',website trash,Negative
'ky9qw8e',try hard people like shit,Negative
'ky9r3n5',nice live click shitty article,Negative
'ky9skbl',device absolute crap get samsung band tmobile device support follow band nr dod lte band work outside house basically work lte house,Negative
'ky9uz6a',bad except load ping number downstream upstream regular ping around load ones suck ass pretty much mean anytime use bandwidth latency jump sky high one downsides tmhi fiber business latency stay matter load unload big deal users make harder play type online game web browse get slow,Negative
'kya2iga',totally fine pay suspension fee dont want wait line old provider awful fact maybe pay month two use still worth dont know else work around,Negative
'kyadusd',rebate scam fall do multiple people get sorry honor,Negative
'kybqfxc',know get downvoted fuck truth,Negative
'kyc45mn',didnt mean get attack article fine bite mislead ignore troll,Negative
'kyd0kj3',service third equation two part spectrum capacity backhaul capacity spectrum capacity congestion specific sector band thay sector cause poor download speed many users sector tower backhaul capacity refer fiber line thats connect tower wan depend location typically awesome signal slower data service internet gateway normal data service phone capacity issue capacity challenge areas capacity challenge cellular carriers usually isnt viable land lord will rent space new site state local government wont allow big build sit,Negative
'kyd11xk',deadlines call null sectors dont start get better miles away band reach far reliably without high gain directional parabolic yagi antenna even rsrp rsrq tandem sinr make virtually unusable,Negative
'kyd1qbi',people reception strength quality signal interference noise ratio better youre closer populate areas null one tower cover sector neighbor site equally thay neighbor sit null sectors cover adjacent tower etc sectors cant overlap much end low dominance phone doesnt know tower connect also close average within miles tower put vertical beamforming tower signal quality actually deteriorate closer get within mile area,Negative
'kyd1xvn',lucky thay distance gnat fart cause packet loss fact sit perfect spot,Negative
'kydvgn2',happen recently also customer service technical support awful make switch routers twice fix anything upload speed switch cox next day,Negative
'kye2fix',multiple pixels issue multiple issue routers band steer crap feature split configuration network separate pixels would connect zero issue really think band steer feature use gateways multipel msps wifi design worst,Negative
'kye6m4t',iamromulan make work fail test please help issue,Negative
'kye7xkh',happen roku ghz roku couldnt see channel,Negative
