MsgID,MsgBody,roberta_sentiment
'kxf2qaq',really option use spectrum nice lately outages month last hours insane,Neutral
'kxf327n',nobody internet home early people use big online service like prodigy aol werent real internet even big online server people start get dialup internet thats get think another big thing late early bbss youd dial server would file message text base ever dial use baud modems know long take download megabyte baud lol couldnt play many game internet back people play game local area network lans run ipx protocol internet tcp protocol play lot duke nukem back order play internet buy program call kali emulate ipx network internet let us match think first game actually play internet original halflife unreal back one reason original halflife cool coud play random people internet,Neutral
'kxf6j9g',watch houston prob,Neutral
'kxf6thc',hit miss mostly miss feel like change servers dozen time find one mlb block mostly nord better luck surfshark apple tv app yet,Neutral
'kxf758a',use windscribe work,Neutral
'kxfco2k',signal metrics like connect also try lock sa thing available network might try push order balance available bandwidth,Neutral
'kxfcyjo',quick easy call cs give option apply bill take,Neutral
'kxfjloo',work use vps tailscale theres need use case options tailscale exist,Neutral
'kxfn1io',newer camera systems dont use port forward even ones arent havent try one tmhi havent hear problems cameras get others able also,Neutral
'kxfov5h',use cyberghost problems past years need setup city vpn open mlb app,Neutral
'kxfoxed',mlb network last night thats,Neutral
'kxfq18v',check quad mini pro well want see metrics show anything indicate antenna solution buy one also use orbi setup mesh network want check consider chester cheetah anything else,Neutral
'kxfrqi8',watch western nc late game,Neutral
'kxfwiyf',sagemcom metrics display incorrect metrics look similar speed compare case antenna would help im far nearest tower take note sagemcom also issue lan speed speed orbi mesh plug lan could limit something near speed,Neutral
'kxfx35b',get steady mbps even anything range consistently happy especially keep ping ms less right think keep flip lte fringe tower get stronger signal drop mbps ping,Neutral
'kxfy1le',tmobiles brand connection band mmwave tmhi gateways connect main band phone software allow sa aggregation gateways phone higher priority data,Neutral
'kxfyryu',cellular selection auto nsa network type auto sa pass data sa work static ip configure auto work connect nsa experience,Neutral
'kxfz48k',post,Neutral
'kxfzlaf',may tmobile community support forum,Neutral
'kxg46vb',uc capable uc issue gateways arent capable standalone least without firmware update arent plus modems inside arent upgrade modern smartphones tower likely already update gateways stay mode lte without firmware update enable standalone,Neutral
'kxg5e11',always pick city near either team try vpn,Neutral
'kxg5f03',create double nat gateway router option,Neutral
'kxg6176',asus gear pass sometimes refer access point something similar turn wireless access point switch way create double nat scenario though would lose advance feature asus gear,Neutral
'kxg6cbo',mean anything tmo gateway avoid double nat zero reason use asus access point mode otherwise add mesh system extend reach wifi signal save,Neutral
'kxg6ds6',make difficult possible redeem rebate im assume sizable number customers say forget move thus save money theres many post tmo home internet customers able access account get auto pay monthly discount able redeem rebate coincidence company cut corner way shape form fashion save make extra buck,Neutral
'kxg8fqh',hope reach soon desperate get away xfinity,Neutral
'kxg8uc8',think find reddit https,Neutral
'kxg9uev',think ever get update support,Neutral
'kxgangy',consider try upgrade nokia trashcan stay put,Neutral
'kxgaq2y',post wasnt home internet issue upgrade tower improve speed,Neutral
'kxgb3vh',think,Neutral
'kxgeef0',https https manage access switch laptop concern link device longer prompt enter validate peace mind theres option transfer fund https,Neutral
'kxggwlq',brand model one find think say phonelex,Neutral
'kxgi09v',like exact one available amazon moment theres bunch five boosters amp amazon im wait waveform come tomorrow,Neutral
'kxgk1zt',try put sa last time gateway could make connection factory reset,Neutral
'kxgkhq9',currently configure nsa change behaviour also try switch apn gateway go info flash red lead minutes come back greeen lead connectivity automatically add new apn default,Neutral
'kxgxmos',firmware version ship firmware field upgrade tower upgrade,Neutral
'kxgxo9g',spoof vpn gps spoof separate gps spoof app use windscribe work fine,Neutral
'kxgxswy',ok,Neutral
'kxh0j5e',use android yeah unfortunately ios user like murica gps spoof apps easily way use jailbroken ios device believe third party tool mac use developer tool available macos never mess though vaguely aware thing back pokemongo craze full swing remember hear people,Neutral
'kxhdpqg',always try theres commitment day test drive dont like cancel within days theyll credit cost essentially free try three things keep mind tmhi bottom ring priority ladder theres guarantee gateway connect antenna even tower phone iow speed tmhi may lower phone game ping may problem maybe game experience vary subscriber subscriber though dont get cut tmhi monthly deprioritization point mean hit within service month service deprioritized normally mean could see drastic drop speed new monthly cycle start set speed deprioritization mean speed would fluctuate,Neutral
'kxhf2ja',udm play teleport give go thank,Neutral
'kxhfw9g',guy vs stock antennas spitz ax location much improvement waveform quadmini omnidirectional antenna offer improvement offer term db gain currently rrsp expect gain quadmini omnidirectional instal inside due current setup outside mount option directional due budget lack option outside mount,Neutral
'kxhhg6s',right,Neutral
'kxhjj9y',post remove reddit account less one week old low comment karma subreddit allow account negative comment karma account less days old measure reduce troll ban evasion please try post account days old positive comment karma action do automatically bot bot action perform automatically please contact moderators subreddit question concern,Neutral
'kxhop8r',im help,Neutral
'kxhpwjo',im amaze speed ping live line site one mile tower see window rsrp sinr get ping sometimes even ive even hit time usually im around less max phone tmhi band,Neutral
'kxhuhf5',difficult help diagnose issue without information question write sure talk tmhi modem mention move around home wifi two tmhi modem receive cellular signal tower wifi provide wifi signal inside home could provide mention information well tmhi modem help lot better,Neutral
'kxi17a2',havent touch race internet stability shoot reps say clue issue resolve play assetto corsa hesi ping would register get race detail load longer wait normal players ai rubberbanding play low population lobby people wouldnt issue mcdonalds wifi,Neutral
'kxi2ddk',mlb channel,Neutral
'kxi3ocv',make sense,Neutral
'kxicd2i',know switch setup run wifi might better result,Neutral
'kxidwz8',switch anyone reply perform better speed packet loss highest test im gon na keep try see might worth run instead,Neutral
'kxie87i',probably important point case older tmhi plan,Neutral
'kxikfis',anytime soon reason,Neutral
'kxin0yw',order device find anywhere,Neutral
'kxjc1ty',really try get speed consistent flip post speed mbps double triple ping within minutes wfh play game stream anything consistently reliably defeat purpose internet begin,Neutral
'kxjc5aa',get speed even half consistently thrill need stabilize enough functional,Neutral
'kxjdct2',surprise know port forward work tmhi observe cant stream plex record local network plex server port forward enable work use xfinity cable modem problem live view playback reolink cameras app work anywhere whether im home network tmhi use someone elses cellular data maybe someone else explain technical difference apps like reolink retrieve live stream central server wouldnt wyze app work like,Neutral
'kxjfivr',mine alibaba,Neutral
'kxji677',cause ring door bell connect tmhi view live away brand solar power wifi camera guess work dont,Neutral
'kxjma6r',anything except little white square gateway decide switch back starlink,Neutral
'kxjw65p',feel free message us learn lumos fiber internet,Neutral
'kxk66aa',stats like get ping though,Neutral
'kxkf5bj',issue smart devices randomly reconnecting throughout day switch wifi mesh issue stop dont mind buy refurbish wifi mesh router system https via ebay sale set via ethernet use hint control app disable wifi gateway edit speed theres really way increase use provide equipment place window face closest know tower increase signal strength,Neutral
'kxkft38',concern packet loss indicator speedtest use app mac packet loss number plain weird time mean good speed good throughput good internet experience speedtest show wildly random packet loss number real decide ping packet loss test use terminal highest ever get less percent also use another online packet loss tester numerous test never exceed percent im confident speedtest packet loss number,Neutral
'kxkfv6t',info u think router suffice,Neutral
'kxkh0te',would sufficient asus overkill need access point switch mesh cuz relative get downsize tiny condo,Neutral
'kxkjsav',brother locate northeast,Neutral
'kxkl7fx',vegas,Neutral
'kxkq9xb',thing implement unlimited service start jan unlimited service begin date exempt,Neutral
'kxkqi0v',get last piece pie slower phone users also depend tower bandwidth also theres plenty good stats still get crap speed dont know money situation would try stick optimum,Neutral
'kxksu2i',choose tmhi fiber fix home,Neutral
'kxwk641',mlb subscriber season every year twice week depend game mlb reserve right black game give broadcast right stream service sometimes dodgers game end apple tv peacock espn frustrate still get watch game still worth,Neutral
'kxwl2t7',know,Neutral
'kxwlogi',though get full bar around edit want say even download game xbox take hours little finish download,Neutral
'kxwmwqp',gateway full advance metrics tabs,Neutral
'kxwncdy',buffalo service hold steadily lmao way since last night lot people detector website report home internet slow completely ton comment assume wny thing know sure,Neutral
'kxwodwm',update last night mlb black colorado rockies game due denver ip address baseball team clear like last year seem problem first days season,Neutral
'kxwq79o',router,Neutral
'kxwuptg',issue google devices gateways ive use,Neutral
'kxwvaov',buffalo connection right less morning,Neutral
'kxwxmdg',happy least download upload,Neutral
'kxx0bj0',https https take speed test get back walk still speed dont use tmobile cellphone carrier try say phone tether https https use go verizon unlimited talk text data ever need phone,Neutral
'kxx1810',acadyn look like sagemon everything default,Neutral
'kxx1k95',take sim card home internet router put sim cellular router get speed uncongested tower around heavy congestion last long run entire house never point download cameras multiple tvs multiple game systems cell phone bar lie speed modem router come experience deal box new router end buy snapdragon modem get great speed even say signal weak could never get speed rec bin,Neutral
'kxx22yz',check get update well rev check yesterday,Neutral
'kxx349p',fw think rev hardware exist yet,Neutral
'kxx3h4e',saw post yesterday someone share info show rev firmware,Neutral
'kxx5ydn',one know firmware upgrade available ive never get notice app firmware version,Neutral
'kxx73yy',give us area location street maybe,Neutral
'kxx8002',fast,Neutral
'kxx8lew',fast rsrq rsrp sinr band lte cqi rssi rsrq rsrp sinr band,Neutral
'kxx8wff',weird stop broadcast early morning lucky still old isp another days return,Neutral
'kxx9cbz',member group post get firmware update overnight wont get notice understand happen one night,Neutral
'kxxeco0',issue ohio storm roll thru last night think first time happen even tmobile cell phone slow,Neutral
'kxxgk6q',briefly months back arcadyan get terrible throughput compare sagemcom like dl latency sag fine ever since get depend time day high traffic tower definitely notice recent qci upgrade midday use,Neutral
'kxxh0wz',want better speed home get directional antenna youre modify router,Neutral
'kxxh6il',actually havent get update deal double speed ill take,Neutral
'kxxie9m',would expect radical improvements fw update unless coincidence tower upgrade time,Neutral
'kxxkn05',insane speed,Neutral
'kxxlu05',new get,Neutral
'kxxmcgc',currently get newest firmware update band havent reconnected band since update whatever reason,Neutral
'kxxnmlj',get wire wifi unhappy would like get wifi use wifi pack mesh wifi get even coverage throughout house,Neutral
'kxxpkoc',gateways require connection either connect thread past couple days one new gateways get nsa connection via first instance close years read sub firmware update knock unknown know band connect prior update bad firmware history gateways,Neutral
'kxxqpki',say move antenna around days ago though might play part,Neutral
'kxxr7u9',get code send new one,Neutral
'kxxu5yz',seem probable want change unlimited unlimited magenta max phone order new unlimited line cancel old one,Neutral
'kxxueft',think upfront money little pay month cell phone plan use house x honestly pay advance service plan get speed use also last month go mbs x never throttle extreme gamer model amaze lock onto specific cellular band impossible throttle lock specific band lock mine fastest band offer around aggregate multiple lte band one take advantage full speed carrier offer work best turn lte use band n,Neutral
'kxxvdq3',area report outage upgrade face slow speed past two days say fully restore friday april,Neutral
'kxxwl6t',say youre issue think pixels might affect drop packets devices pixel tmhi occasionally wed see weirdness happen things wouldnt load would load odd everything else around house fine end set little script router watch incoming data sure enough theres hiccup pixels issue think theyre sensitive,Neutral
'kxxwxf1',bad consistently go mb,Neutral
'kxxxpig',apply well,Neutral
'kxxydeh',ipad sometimes ipad would show connect wifi would internet nokia modem believe problem network create single network tmhi app connect ipad ipad never lose internet connection,Neutral
'kxy3a1f',factor determine real time download speed give time location signal strength interference weather concurrent neighborhood usage,Neutral
'kxy73xb',wifi speed need chance really hardwire speed test,Neutral
'kxydss6',set mtu ttl router,Neutral
'kxydtq3',unless devices purchase youre go benefit much wifi older devices connect band,Neutral
'kxyemmd',dont bother use one ethernet switch connect wire clients,Neutral
'kxyfcpk',mesh network set end give asus brother replace isp router make weep inside curse cgnat,Neutral
'kxygfp4',years ago,Neutral
'kxyhmhg',smart home devices use wifi im heavy download phone everything else thru ethernet,Neutral
'kxyly98',arent use vpn service google ones build vpn think,Neutral
'kxymbwo',say certain cant remember pw webui google thread mention possible,Neutral
'kxymq88',status like distance tower,Neutral
'kxynigy',call support big discrepancy connection speed happen fix remotely mins like midnight rerouting around tower undergo maintenance,Neutral
'kxyp751',ever solve try bunch things still peg around mbps learn router lan speed gateway seem limit factor,Neutral
'kxyp9lr',around tower,Neutral
'kxypacd',speed place full packet loss swap signal packet loss know consistent speed,Neutral
'kxypoxx',call many time fix,Neutral
'kxypqfq',change,Neutral
'kxypv0g',still stand typically closer shouldnt little better mbps,Neutral
'kxypvkt',two tower close automatically try connect closest undergo work override rerouted automatic connection could connect tower work fine sorry wordy explanation hopefully make sense tell knowledgeable stuff overall vouch accuracy,Neutral
'kxyqd3y',use router settings broadcast phone connect,Neutral
'kxyqt6u',say call normal,Neutral
'kxyqvlu',probably live next door tower give head ceo,Neutral
'kxyqwo5',get im like miles away tower,Neutral
'kxyra4p',lan tell either cable youre use cat better cat regular maxes mbps b driver sit windows need update dont trust windows automatically update driver may seek oem c ethernet port youre connect whatever device youre connect ethernet mbps port instead gig,Neutral
'kxyrvto',sure know issue sagemcom fast ethernet port nothing ethernet cable well post forums,Neutral
'kxys083',reply want true confirm use cable tp link gigabit ethernet network adapter test edit think right make frustrate use home build cable triple check connections look correct verify crimp connectors end compatible matter something must use small purchase patch cable lan speed sigh feel stupid thank force check cable,Neutral
'kxysf3o',unit connect lte connection bar measure,Neutral
'kxytkhn',live duplex house live room slow go floor bathroom get download upload go outside download upload long island copiague new york,Neutral
'kxyu95e',check phone data compare call let know somethings,Neutral
'kxyve1f',expect open see like,Neutral
'kxyw6x0',advance signal metrics please,Neutral
'kxyxfmz',crazy idea op actually call finally comment support fix embarrass update lol please correct us say,Neutral
'kxyytld',need clarify something buy device give buy device use give wifi basically hotspot phone build run,Neutral
'kxz17jx',get mine complain cold take nap,Neutral
'kxz1v4q',normally say theyd theyd tell turn leave couple minutes plug back never work though,Neutral
'kxz2mwg',hope first month use get refund cancel,Neutral
'kxz6b0w',pay xfinity around pay run test get,Neutral
'kxz7xlj',cry like little man take l move get overall emotional fam,Neutral
'kxz8y5h',get bar try ask different maybe get bad one,Neutral
'kxzce0r',exactly cell metrics,Neutral
'kxzeqj0',something could do plan change rep try get sale unfortunately count false churn get pay anyway,Neutral
'kxzeu3l',change rate plan,Neutral
'kxzez13',get outta bar consistently get map dl,Neutral
'kxzf0pn',u try restart device place near window,Neutral
'kxzfxfi',app mine massive signal bandwidth could get modem band distance bandwidth reach three tower city great coverage previously get mbit support say change modem argue say fix issue still think firmware provision issue argue days support bs fix swap modem,Neutral
'kxzh2ue',get literally live walk distance tower,Neutral
'kxzhn2m',pixel use tmhi months problems connect tmhi hub arcadayn google nest mesh network via ethernet also turn tmhi hub radio use hint app pixels work hiccup fyi,Neutral
'kxzjhpu',look network settings windows look adapter settings properties network connect configure advance scroll set auto navigate work intend speed wifi try settings though look speed party mesh may something settings limit say happen directly ethernet gateway could either pcs adapter cant go old settings mention,Neutral
'kxzjtgq',signal low priority bandwidth,Neutral
'kxzk14e',strength doesnt equate speed,Neutral
'kxzke1l',issue geez deprio understand pretty sure turn hotspot data would similar hint phone data get higher priority side youre still get mbps theres folks pay month mbps wire connection,Neutral
'kxzldzc',must try force youtube tmo suggest best stream result keep stream service settings resolution mode ive stream youtube phone fine kpbs sd stream happen mbps hell general web usage doesnt need mbps webpages load minute mbps starlink also get sell customers pay less mbps time dial access k average month heavier items like large download really notice lower speed hell game happen mbps long latency low isnt packet loss,Neutral
'kxzmqy6',similar issue different speed connect tmobile ssid get like router switch aps gigabit max read forum issue lan port tmobile gateway im sure cgnat cause issue anything else vpns,Neutral
'kxznmdb',rsrp etc,Neutral
'kxzp7z6',simple hardware difference congestion arent deprioritized continuous basis network congest hardware difference always,Neutral
'kxzth64',struggle get two bar time hold steady steam without issue,Neutral
'kxzwgti',imagine wait one minute webpage load,Neutral
'kxzyo7b',problem occasionally check advance cellular metric see band connect connect lte learn user issue external router plug gateway issue unplug netgear router use mesh throughout house gateway power unplug gateway wait second replug power gateway wait completely check advance cellular metrics usually always reconnects replug power netgear netgear gateway something external router cause connect lte,Neutral
'ky01v7e',work fine days slow laggy hell even excellent connection real rhyme reason pm etc,Neutral
'ky06kky',gateway box extremely sensitive location degrees rotation inch movement direction cause big change speed,Neutral
'ky07nop',dont lie us,Neutral
'ky094ih',think get answer force even sign conversation later subscribe online anyway sprint conversion standalone tmhi plan different tmobile account phone would need change ownership merge,Neutral
'ky098s8',sound like gateway lan port negotiate mbps instead gbps able visibly verify least one devices,Neutral
'ky0ashf',newest model name escape right either reset last night speed jump instantly tower disconnect things internet phone signal data hours think cause,Neutral
'ky0avyz',modem ask new white one,Neutral
'ky0com0',vpn,Neutral
'ky0fmfz',swap imei router,Neutral
'ky0h2ai',better router,Neutral
'ky0h2nz',cant really say sometimes still get range test get thru wifi ethernet swap ethernet cable gateway router perhaps help go hope find something work,Neutral
'ky0h3qe',check morning still firmware update slow speed call do yesterday mention storm roll ohio tuesday one tower area one gateway connect cause slower speed nearby tower like mine wait repair get do eta,Neutral
'ky0hdvk',call yesterday say interference canadain border upgrade didnt mention anything timeline fix claim nothing could morst rerouted nyc check speed still give nyc servers,Neutral
'ky0ioo6',tmobile,Neutral
'ky0it7v',problem tmobile,Neutral
'ky0j3kl',use different firmware,Neutral
'ky0lrn9',case period time hsi change one account another case anymore,Neutral
'ky0m6wi',shop around new router mesh system make sure newer ax technology wifi make sure invest hard earn money older technology https,Neutral
'ky0qgep',try high gain directional antenna home know tower im sure would help although necessarily lot obstructions,Neutral
'ky0r94a',connect wifi router connect modem ethernet use hint app via wifi turn modem wifi back,Neutral
'ky0so7d',ever get two maybe three bar get consistently,Neutral
'ky0zrq3',somethings right full bar least rural area heavy populate,Neutral
'ky10jel',post remove reddit account less one week old low comment karma subreddit allow account negative comment karma account less days old measure reduce troll ban evasion please try post account days old positive comment karma action do automatically bot bot action perform automatically please contact moderators subreddit question concern,Neutral
'ky12iob',good distance tower external antenna get bar weak signal old grey connect get download upload fairly rural lot tree mountains cellular basically option,Neutral
'ky1i3qr',live major metro area lot people get tmhi since first tower congest slowdown happen people get night middle night get speed,Neutral
'ky1m5tn',buy party router band lock get rid headaches,Neutral
'ky1m8lh',depend router youre use unlimited home internet use dedicate routers little generic wifi hotspot ones folks plan situation rep correct new account unlimited plan router loan free return end service,Neutral
'ky1nr4z',indoors ventilate closet waveform antenna outside,Neutral
'ky1o4to',mine mount antenna tripod peak roof,Neutral
'ky1ogtf',didnt want punch hole roof make hurricane resistant fl,Neutral
'ky1tjev',need nat type multiplayer tmobile assign randomly choose use app reset router keep check settings playstation type,Neutral
'ky1uyb4',type nat could probably get around weird setup would add latency worth game like destiny use hybrid system work fine type world warcraft pc fine florida chicago datacenter thing really control optimal placement gateway house best connection second thing control room cant reason look ethernet port turn use ethernet setup mesh system,Neutral
'ky1xggj',idea remote play problem multiplayer wish could pay little remotely,Neutral
'ky1xq57',good ones want one change imei replace provide gateway want get one expensive atm,Neutral
'ky1y923',high,Neutral
'ky1yupb',mean,Neutral
'ky20jtt',plug back move,Neutral
'ky21lo7',bar speed vary gateway,Neutral
'ky21rnn',post remove reddit account less one week old low comment karma subreddit allow account negative comment karma account less days old measure reduce troll ban evasion please try post account days old positive comment karma action do automatically bot bot action perform automatically please contact moderators subreddit question concern,Neutral
'ky23t89',ping think delay measure ms share screenshot speed also share picture device see model,Neutral
'ky266cg',try change mtu size https go wifi settings hover wifi name press options advance options sure tho mtu size could something wireless connection try set pick id try compare usually get nat rarely good signal,Neutral
'ky2bkk3',dream router,Neutral
'ky2bsr7',interest old modem set app connect tmhi,Neutral
'ky2bt5b',people understand separate different level show way different speed first need make sure wifi set automatically decide put better separate two different ssids entirely second back point make sure low band low band fast typically range even slower low band channel look app see channel slowest form want best case scenario mmwave high band high band usually around ping,Neutral
'ky2d4xy',device around congest tower thing actually tell rerouting clear device hlr initiate onto network,Neutral
'ky2ebkj',could tmobiles gateways high band high band like higher tmobile though categorize mmwave,Neutral
'ky2enjf',time people refer mmwave high band generic term yea technically high band,Neutral
'ky2g508',interest reason use live long narrow rowhouse build like seem like signal wasnt get back well ill try pull extender see thats really case,Neutral
'ky2h0ye',comment correct bar dont matter much snr signal noise ratio matter,Neutral
'ky2jmt4',switch sma adapter might work dont expect switch small compact antenna open circuit connect anything wire make cable,Neutral
'ky2l9ax',speed test,Neutral
'ky2lh4a',iphone get one half gigs,Neutral
'ky2m3sz',issue router residential version tmhi use something call cgnat let port forward,Neutral
'ky2ndi5',synology nas look set cloudflared docker container nas set cloudflare tunnel connect way give access nas cloudflare tunnel regardless port forward cant tmhi anyway guidance solution https,Neutral
'ky2oplh',nothing bad luck tmobile nyc dead spot nj home state get blaze speed coverage inconsistent,Neutral
'ky2pre4',much charge keep,Neutral
'ky2t3ln',might even create another layer nat could game also screenshot speed addition picture device model would help troubleshoot connection,Neutral
'ky2tzgj',tech say advance routers business become semi sales call wish know protocol relate,Neutral
'ky2uxms',totally get one im home figure post lol technologically illiterate,Neutral
'ky2v40l',probably charge dont return,Neutral
'ky2vfpz',luck,Neutral
'ky2zld0',gateway long extension cord dont unplug replug try different areas house remember higher bar dont always equate higher speed get two bar,Neutral
'ky2zvjn',get link like investigate,Neutral
'ky2zxyj',galaxy z fold yeah use website instead app,Neutral
'ky30lz6',pixel issue sure wireless believe gateway,Neutral
'ky31d1t',new modem move modem near window u suppose signal strength doesnt matter,Neutral
'ky31tug',strength speed,Neutral
'ky3215j',app make difr network g,Neutral
'ky32jaf',home internet app split band possible sim card defect,Neutral
'ky34god',post remove reddit account less one week old low comment karma subreddit allow account negative comment karma account less days old measure reduce troll ban evasion please try post account days old positive comment karma action do automatically bot bot action perform automatically please contact moderators subreddit question concern,Neutral
'ky37z2l',think around,Neutral
'ky39qw2',get paypal g ill pay need one put antenna lead dont damage lease one,Neutral
'ky3c4nt',customer emotional support,Neutral
'ky3c587',people use tower probably lot traffic time,Neutral
'ky3fe5x',man tell bring old gateway original gray cylinder one exchange newer one worlds better gon na go today try hope true download diablo take hours unacceptable today internet speed,Neutral
'ky3g5nz',one ebay,Neutral
'ky3gv1c',business version internet allow static address assign gateway work downside rout static ip connections region latency connection higher average,Neutral
'ky3icsw',get business account static ip,Neutral
'ky3ks7z',bar,Neutral
'ky3lls8',post photo,Neutral
'ky3lls8',post photo,Neutral
'ky3may5',common way handle change like seem completely random manage things like case send new sim card swap current gateway completely new line things pretty common,Neutral
'ky3may5',common way handle change like seem completely random manage things like case send new sim card swap current gateway completely new line things pretty common,Neutral
'ky3mzs6',look different look look like render uhd format design phone screen,Neutral
'ky3mzs6',look different look look like render uhd format design phone screen edit eh agree run test chrome request desktop phone look extremely similar stand correct,Neutral
'ky3n734',speed differences see normal phone plan network priorities tower home internet service lower two tiers priority home internet use bandwidth tower deprioritized behind traffic speed issue reboot also common stock gateways common cause due overheat well generally poor firmware suggestions would add fan gateway search examples print mount etc setup mean automatically reboot gateway kind interval nightly others weekly use smart outlet kill power set time understand work api endpoints possible setup script reboot gateway properly require something network online reboot request raspberry pi something similar dont keep computer,Neutral
'ky3n734',speed differences see normal phone plan network priorities tower home internet service lower two tiers priority home internet use bandwidth tower deprioritized behind traffic speed issue reboot also common stock gateways common cause due overheat well generally poor firmware suggestions would add fan gateway search examples print mount etc setup mean automatically reboot gateway kind interval nightly others weekly use smart outlet kill power set time understand work api endpoints possible setup script reboot gateway properly require something network online reboot request raspberry pi something similar dont keep computer,Neutral
'ky3ncee',contact remove block business line,Neutral
'ky3ncee',contact remove block business line,Neutral
'ky3ng5t',probably log goto settings forget network relog back check connect,Neutral
'ky3ng5t',probably log goto settings forget network relog back check connect,Neutral
'ky3nq32',new update router would recommend get free current box one ensure make correct sim card active,Neutral
'ky3nq32',new update router would recommend get free current box one ensure make correct sim card active,Neutral
'ky3nrw5',remote play wont connect enable work fine home wifi im work wont connect,Neutral
'ky3nrw5',remote play wont connect enable work fine home wifi im work wont connect,Neutral
'ky3nt7m',within gateway also near window wall wall materials compose wall cqi really low compare metrics,Neutral
'ky3nt7m',within gateway also near window wall wall materials compose wall cqi really low compare metrics,Neutral
'ky3o0cc',thank idea though,Neutral
'ky3o0cc',thank idea though,Neutral
'ky3o5e7',near window floor,Neutral
'ky3o5e7',near window floor,Neutral
'ky3oace',work,Neutral
'ky3oace',work,Neutral
'ky3pd8t',website newer gateways still show regard firmware info,Neutral
'ky3pd8t',website newer gateways still show regard firmware info,Neutral
'ky3qktr',sort electronics near signal power strong im almost tempt tell get away glass could low e coat butcher rf,Neutral
'ky3qktr',sort electronics near signal power strong im almost tempt tell get away glass could low e coat butcher rf,Neutral
'ky3t1b6',energy efficient window,Neutral
'ky3t1b6',energy efficient window,Neutral
'ky3uoz4',matter say excellent doesnt mean youll get fast speed area specific placement gateway key,Neutral
'ky3uoz4',matter say excellent doesnt mean youll get fast speed area specific placement gateway key,Neutral
'ky3y0yp',dependent along hardware get might call support help get mbps right peak hours,Neutral
'ky3y0yp',dependent along hardware get might call support help get mbps right peak hours,Neutral
'ky3yjkk',gladly pay run fiber house,Neutral
'ky3yjkk',gladly pay run fiber house,Neutral
'ky40zv6',upside,Neutral
'ky40zv6',upside,Neutral
'ky442tk',activation fee free trial period worth try,Neutral
'ky442tk',activation fee free trial period worth try,Neutral
'ky47jdp',order try setup return day receive bar get less mbps,Neutral
'ky47jdp',order try setup return day receive bar get less mbps,Neutral
'ky47l21',little miles away tower bar one tower area live mountainous region lot hill valleys tree coverage really hit miss get pretty nice signal average tmhi neighbor cant get signal house perfect spot relation tower didnt use matter much signal really go far bounce around greater speed much much worse coverage area,Neutral
'ky47l21',little miles away tower bar one tower area live mountainous region lot hill valleys tree coverage really hit miss get pretty nice signal average tmhi neighbor cant get signal house perfect spot relation tower didnt use matter much signal really go far bounce around greater speed much much worse coverage area,Neutral
'ky47l33',aware random screenshot information sure ok,Neutral
'ky47l33',aware random screenshot information sure ok,Neutral
'ky47pl0',pixel normally use eero mesh routers rather one sagemcom gateway test use sagemcom dont get extremes op see tend connect gbps wifi instead faster gbps disconnect pixel wifi reconnect usually connect gbps otherwise pixel get somewhat better wifi speed laptop eero sagemcom,Neutral
'ky47pl0',pixel normally use eero mesh routers rather one sagemcom gateway test use sagemcom dont get extremes op see tend connect gbps wifi instead faster gbps disconnect pixel wifi reconnect usually connect gbps otherwise pixel get somewhat better wifi speed laptop eero sagemcom,Neutral
'ky48zpe',good situations imo dont care much internet want browse web check email live area option high speed internet im second group dsl could get thrill get tmhi last year im get im rural area tower never congest enough people tmhi still isnt perfect id never use steady speed vary greatly ping suck cgnat horrible time im thankful tmhi ill switch fiber soon finish splice terminals house pay double triple solid internet connection totally worth,Neutral
'ky48zpe',good situations imo dont care much internet want browse web check email live area option high speed internet im second group dsl could get thrill get tmhi last year im get im rural area tower never congest enough people tmhi still isnt perfect id never use steady speed vary greatly ping suck cgnat horrible time im thankful tmhi ill switch fiber soon finish splice terminals house pay double triple solid internet connection totally worth,Neutral
'ky4cogg',w ping vary location time day amount users tower time late night get time single digits good browse web stream movie,Neutral
'ky4cogg',w ping vary location time day amount users tower time late night get time single digits good browse web stream movie,Neutral
'ky4cxqx',get like like,Neutral
'ky4cxqx',get like like,Neutral
'ky4cxtg',use router behind gateway could mtu set mismatch read issue verizon use router think call case relevant good luck,Neutral
'ky4cxtg',use router behind gateway could mtu set mismatch read issue verizon use router think call case relevant good luck,Neutral
'ky4jcqw',result may vary work fine two people work home full time cgnat annoy better alternative starlink dsl,Neutral
'ky4jcqw',result may vary work fine two people work home full time cgnat annoy better alternative starlink dsl,Neutral
'ky4k8kt',live area cheapest reliable option one night crappy internet support fix phone call otherwise reliable internet use year right peak hours,Neutral
'ky4k8kt',live area cheapest reliable option one night crappy internet support fix phone call otherwise reliable internet use year right peak hours,Neutral
'ky4m9fy',predict,Neutral
'ky4mglj',get part metrics bad hav excellent sinr rsrq rsrp kind download speed get,Neutral
'ky4mp5d',better,Neutral
'ky4mqtf',memo antenna worth,Neutral
'ky4mqtj',share photo mb speed less,Neutral
'ky4n2ip',guess,Neutral
'ky4n2qa',clue try tell cgnat talk cgnat know cgnat play game op list get disconnect issue voice chat work well,Neutral
'ky4nm9w',emotional support https,Neutral
'ky4oo1n',gotcha interest still think use vpn best bet,Neutral
'ky4oxqt',picture take instead screenshot try say tmhsi slow money slow vpn https vpn https,Neutral
'ky4qs9p',install connectors need hook external antenna work,Neutral
'ky4r8ct',aware every location different tho mioght work u others,Neutral
'ky4uoyb',years currently get around,Neutral
'ky510vw',switch wifi better result give try,Neutral
'ky55msr',vary manufacturer worse usually bad good better great,Neutral
'ky5e70v',frequency signal technology lower frequencies travel farther less bandwidth major carriers use combination lower higher frequencies band network traditionally lack spectrum give disadvantage coverage recent deployment help improve,Neutral
'ky5k57c',contact customer service create support ticket within two days internet speed restore usual mbps,Neutral
'ky5lqhu',get vpn vpn work others,Neutral
'ky5r2wn',solid,Neutral
'ky5rcum',get stream media wfh pay,Neutral
'ky5sr43',much jitter,Neutral
'ky5yqrk',rule wifi thats first step troubleshoot use wire possible,Neutral
'ky5z6vw',also content filter permit stream,Neutral
'ky5z9li',shut stream use anything else besides business,Neutral
'ky629kr',tampa get fiber haha,Neutral
'ky636is',modem original gray cylinder one suck get like mad suggest upgrade newer square modem since free anyway get mbps mbps peak hours around mbps mbps great,Neutral
'ky67b2b',area,Neutral
'ky67f69',reason mtu nothing cgnat op issue,Neutral
'ky69xi6',couple days im run appropriate speed,Neutral
'ky6fedg',adapters really work new tmo gateway buy something similar amazon seem bigger size dont fit snug anyone try tmo gateway,Neutral
'ky6i50m',mean fix,Neutral
'ky6igbc',today yesterday,Neutral
'ky6ijvk',take photos im sure post dm,Neutral
'ky6kqzo',believe suspend line months think log account,Neutral
'ky6kr03',didnt realize chat earlier thread mention dunno send photos test result speed way lower usual maybe earthquake dl mbps ul mbps ping idle latency download latency upload latency connections multi device model,Neutral
'ky6mcqc',suspend days twice year theyll charge month instead full price,Neutral
'ky6mmh8',add smart lock program send alert whenever unlock also add cameras monitor property alarm rise squatters thank tiktok,Neutral
'ky6n9db',reply question year waitlist test drive tmhi forget cancel sign back thru app months ago gateway arrive door days later,Neutral
'ky6ol0y',well sure get result last test ping jitter average speed never issue stream devices time,Neutral
'ky6rhyl',issue change mtu help ping spike,Neutral
'ky6vng5',dont tmobile phone verify congestion would request new unit stats good,Neutral
'ky6xdlh',damage port mine accidently drop move shit around lol actually rip trace pcb buy new port small trace wire poorly solder back lol seem work ok cell metrics match ones get weeks since send receive email havent charge yet lol,Neutral
'ky6xly8',term service outline website someone definitely know talk,Neutral
'ky6yje9',fine three years,Neutral
'ky6zifn',remove,Neutral
'ky72c6w',true say bs use,Neutral
'ky72ypq',know network operate,Neutral
'ky73e7b',answer question never say expert share work,Neutral
'ky749de',answer op comment since seem expert,Neutral
'ky75r6d',wonder force anytime soon protect ever increase network integrity issue thank different address workaround,Neutral
'ky7698c',havent try reset router although area say eclipse,Neutral
'ky7a7q8',advance feature mean complicate result support call,Neutral
'ky7c574',get setup work nsa try force sa wont connect static qeng servingcellnoconn qeng qeng ok cgdcont,Neutral
'ky7ek7d',say cant static ip small business internet move small biz home internet either way issue likely sim get new sim switch inseego gateway send trash pick spitz ax great far,Neutral
'ky7eos0',apn believe static use different apn,Neutral
'ky7eseu',always come give unlocator try smart dns option work devices include apple tv device configure log unlocator account enable mlb region settings https https,Neutral
'ky7fqe7',possible gateway change band around mine sometimes lock onto produce speed like probably congestion,Neutral
'ky7i3jt',live two tower around half mile either direction get seem crapshoot cellular,Neutral
'ky7kn3l',ip compatible sa nsa,Neutral
'ky7ku4b',correct apn static ip devices support though quectel router module router use try adjust apn pdp context disable sa,Neutral
'ky7n5r7',static ip around,Neutral
'ky7o1gs',wild get one im sure go without would help much see tower tree though,Neutral
'ky7ooic',post remove reddit account less one week old low comment karma subreddit allow account negative comment karma account less days old measure reduce troll ban evasion please try post account days old positive comment karma action do automatically bot bot action perform automatically please contact moderators subreddit question concern,Neutral
'ky7pni0',get regularly let test drive reason,Neutral
'ky7q38x',know,Neutral
'ky7qbj2',tinker settings hopefully sim,Neutral
'ky7qnrj',take year whatever tower get somewhat usable location dependent,Neutral
'ky7qvqj',second unit purchase writer keep first unit,Neutral
'ky7wsat',get biz svc doesnt availability issue next ready,Neutral
'ky7z77f',good actually purchase one money,Neutral
'ky7zfhn',would happy could change freak dhcp settings,Neutral
'ky811uz',link find amazonalsp web ui command base,Neutral
'ky81gaq',web ui pretty basic get job do also lot info sub set https https chat usually take like mine hook deco mesh system gateway mode,Neutral
'ky820lq',yeaaa work like days,Neutral
'ky82fl9',tampa florida get mbps move rural colorado get mbps time day,Neutral
'ky82mdd',go change imei,Neutral
'ky82oob',yah change one,Neutral
'ky82sid',like reset one month use gate way daily,Neutral
'ky82ygy',say business term actually work tmobile business try karen go read website learn read karen https,Neutral
'ky83eir',either dm post imgur link either way ok either,Neutral
'ky841o4',try dming,Neutral
'ky84phl',variables test come conclusion different band gateway test chester modem single test doesnt say much rather consistency service guess convenience worth,Neutral
'ky85o00',see switch name pixel pro doesnt seem share feel though honestly id encourage everyone turn tmhi wifi use third party device,Neutral
'ky87e3u',new special program standard business plan absolutely,Neutral
'ky87tfi',speed extender,Neutral
'ky89n11',get similar number day tell tower issue dont time update resolution hopefully get upgrade,Neutral
'ky8dcrg',call remove filter stream everything,Neutral
'ky8gg7b',even turn wifi app lol,Neutral
'ky8hnew',different type limit usage one https,Neutral
'ky8idd3',pay ship deal,Neutral
'ky8iy95',tower maintenance unlimited plan hit terabytes month,Neutral
'ky8k64d',pm,Neutral
'ky8papq',unlimited kinda windy today maybe something,Neutral
'ky8s3l5',modem support look auto best way hook connect laptop ethernet cord see area house best speed house need let live go bar screen look section metrics want defiantly,Neutral
'ky8t25r',put advance metrics help,Neutral
'ky8t53w',wind shouldnt affect signal notably,Neutral
'ky8tuco',service back,Neutral
'ky8v8jx',contract could engage bait switch isnt one theres advantage lower speed free trial period fact would financially stupid theyd lose business would extra cost refurbish use gateway could many things tower maintenance system congestion prioritization kick connect different antenna even different tower altogether havent already try restart gateway doesnt change anything put gateway long extension cord dont keep unplug plug back try different spot around home even rotation place make difference remember higher signal strength doesnt always equate higher speed spot house get better metrics every category yet speed barely enough stream yet normal spot get two bar speed average lastly try foil behind gateway kind like dish satellite setup like graphic https look foil grey gateway red arrow point toward tower actually hang foil curtain three layer thick x back fan top gateway without cant connect fold top half inch lip hang edge fan cut slit bottom wire stick back gateway power cord usb fan cord mine https window,Neutral
'ky8vnje',information thank,Neutral
'ky8voju',information,Neutral
'ky8vpv0',respond,Neutral
'ky8vtos',look maybe thats better fit,Neutral
'ky8xpjd',get speed non peak hours till get slam low doesnt last long next couple min even higher fluctuate quite bite peak hours key doesnt affect use home stream movies music web use mail text work issue even peak,Neutral
'ky8zup0',find party gatway amazon gift card balance,Neutral
'ky944g1',like know motivation live florida happy service maybe frustrate speed mode feel free remove post,Neutral
'ky956oz',trump bible might explain nuttery,Neutral
'ky95mnl',model advance metric number placement,Neutral
'ky96qnj',nut job,Neutral
'ky97qlr',internet gateway idk metric number router monitor,Neutral
'ky97xqs',would outlet reboot router disconnect internet personally use wemo know require connection order switch power back,Neutral
'ky98r15',find advance metric number,Neutral
'ky9akyf',really fast,Neutral
'ky9b4uw',home internet app start,Neutral
'ky9bo2z',step step https,Neutral
'ky9c5kv',show,Neutral
'ky9d4c7',little different,Neutral
'ky9d827',sacrifice good us dare sour name like turn gay bet didnt know ya mister smarty pant take tower save townspeoples souls holiday man,Neutral
'ky9ex8s',think mind control,Neutral
'ky9fbq6',sign point,Neutral
'ky9ix18',motivation know guy personally mental episode friends family try best help marine corps vet go hard time,Neutral
'ky9iy62',nope,Neutral
'ky9li45',something connect hotspot,Neutral
'ky9loph',never set turn,Neutral
'ky9lvk1',model gateway look exactly like waveform video look like board label antenna red label plug,Neutral
'ky9m74o',venn diagram nut trumpers circle,Neutral
'ky9ne67',actually carry bible https https,Neutral
'ky9nor4',remember fast,Neutral
'ky9ojsw',think could install mimo though,Neutral
'ky9qagq',suspect since gateway model,Neutral
'ky9rckx',bet thank comment come someone hasnt post comment tmobile year valuable opinion,Neutral
'ky9rlru',one claim buy something second time even though first unit sponsor,Neutral
'ky9sib1',claim true second unit purchase full price would like receipt,Neutral
'ky9vvuo',deal,Neutral
'ky9zl26',may wan na give tmhi call see maintenance go area could definitely effect experience also try place device different areas home screen face towards area tower important step make sure use approve address would also check address file internet,Neutral
'ky9znjo',spectrum right trial test game yet im want ditch spectrum bad lol,Neutral
'kya10v1',consider cancel service first want determine current service truly unlimited plan new plan include certain consumption limit bandwidth decrease suspension fee sound reasonable,Neutral
'kya9d2f',hook external antenna teal blue white pin use test put together fast mile model canada closer design older,Neutral
'kyagq8h',post remove reddit account less one week old low comment karma subreddit allow account negative comment karma account less days old measure reduce troll ban evasion please try post account days old positive comment karma action do automatically bot bot action perform automatically please contact moderators subreddit question concern,Neutral
'kyahq4q',post remove reddit account less one week old low comment karma subreddit allow account negative comment karma account less days old measure reduce troll ban evasion please try post account days old positive comment karma action do automatically bot bot action perform automatically please contact moderators subreddit question concern,Neutral
'kyawm9f',backup plan call ask,Neutral
'kyb5ivr',service address originally sign different address use qualify,Neutral
'kyb6a35',see first hand white model plague problems previous model combine tmobile tech mountain west,Neutral
'kybd5ah',get party gateway control connect network,Neutral
'kybqu8c',antenna provide garbage go waveform quad mini mount outside point directly tower consistent upload download speed,Neutral
'kybrwis',im download bar midwest,Neutral
'kybs2b3',difference feet slight rotation make huge difference signal receive gateways yes antennae omni directional place certain way device rotation help best place always intuitive placement assistant app generally worthless good hear work require level start shell money,Neutral
'kybwyc5',gateway address,Neutral
'kybzqv9',think cross mind dont anything lose say im unwilling disconnect home broadband expensive rock solid,Neutral
'kybztgn',wife mean youre dog house lol anyway placement key dont even near window office near middle house top bookshelf feet hight nothing surround open space thing hit bar lte use omnidirectional antenna cellular metrics consistent use hint app also turn wifi app advance metrics use hint app lte bar rsrp rsrq rssi sinr band bar rsrp rsrq rssi sinr band,Neutral
'kyc5fis',experience live rural community leave century link two half years agony far good white modem,Neutral
'kyc5lt9',know rock solid would l home location plug car hear people put car even,Neutral
'kyc61s0',model australia circuit upside cell signal receive day prior glad figure gl,Neutral
'kycfjw4',expensive,Neutral
'kyci9im',especially consider run one friends house fiber,Neutral
'kycvsbm',get already external antenna test shoot wait mount run entire home office without hitch,Neutral
'kycwpiu',speak call take hint tech support,Neutral
'kyd3k0q',depend tower,Neutral
'kyd5dxc',old computer lay around put another ethernet port load pfsense boom router firewall device,Neutral
'kyd6i6z',read use antenna get best signal either directional omni time gateway use signal strong enough one like smart enough use need automatically,Neutral
'kydcqbv',pm chat,Neutral
'kydi3zu',try change wpa version,Neutral
'kydkqom',show network list aes,Neutral
'kydngya',mesh systems connect ghz ghz probably want separate ssids connect mesh system router possible hint control app apple turn band shape change channel frequencies operate least sagemcmom,Neutral
'kydodbb',change channel frequency new one create may able router hint control app android iphone google printer model maybe search channel compatible wireless range extender see channel set,Neutral
'kydxhth',sim card slot reset button try stick paper clip second power,Neutral
'kydzqfi',routers problem general rule thumb ever one router per internet connection use routers simple switch access point wifi use wan port disable dhcp note tmhi gateways already routers multiple routers together create situation call double nat outside homelab situations never something want though whole point standardize wifi manufacturers still kind whatever want may add additional compatible devices may advertise interoperability brand also use feature little cross finger general rule within control stick one brand wifi equipment product line brand wifi mesh come long way since first implementations years ago nature mean always less ideal perform worse wire ethernet connection also worse direct wifi connection sans interference primary access point router consumer offer asus linksys etc understand mesh wifi network operate receive data use multiple antennas assemble data forward along next node operation stop introduce latency expose unique combination rf interference environment work around browse web likely experience appreciable difference web data transmit intermittently break web browser send receive request multiple piece data enough time make latency lan constant uninterrupted data rat require live stream stream something netflix another service usually fat buffer data smooth inconsistencies give uninterrupted experience live stream live need little delay possible mean virtually buffer much less tolerance use analogy think try fill pool water water hose ethernet cord mesh hand line people pass bucket water eventually pool fill without losses,Neutral
'kye1cjv',get power lead wifi anything,Neutral
'kye30g9',trouble find turn wifi gateway delete network two one seem,Neutral
'kye87j8',think nator tator say could order switch number like exchange plug plug depend location band try connect,Neutral
'kye8dng',current configuration per waveform,Neutral
'kye9819',really experiment get best,Neutral
'kye9d7g',might try two three three two,Neutral
'kyec5sz',post remove reddit account less one week old low comment karma subreddit allow account negative comment karma account less days old measure reduce troll ban evasion please try post account days old positive comment karma action do automatically bot bot action perform automatically please contact moderators subreddit question concern,Neutral
'kyed0dg',confirm ask tech support work buy expensive gateway,Neutral
