MsgID,MsgBody,roberta_sentiment
'kxey1bk',good thing get mlbtv free id livid pay still get see team,Positive
'kxf9ctx',happy mine usually closer say fine,Positive
'kxffadv',tailscale great,Positive
'kxfwufo',gateways capable get iphone one point get mbps download arcadyan get mbps peak hours nice gateways access read post tower upgrade allow get speed mbps download hope update tower one day im still get full bar antenna help lot get full bar improve metrics,Positive
'kxfyfxt',connect take advantage speed update firmware read one post show new firmware hes get download gateway pretty awesome,Positive
'kxgbudy',happy tmhi go back spectrum originally switch spectrum raise rate get tmhi new promotional rate mo price lock spectrum actual spectrum speed im get plus get credit could get mobile phone line free year internet decide tmhi service good recently keep drop minutes time speed less mbps also worry outage would lose phone internet service service phone might different get tmhi case get poor data speed phone home get much better speed tmhi cant really tell try get data speed phone locations far home call spectrum cancel probably offer much better price youre currently pay although period might vary,Positive
'kxgfrnx',cool hope one day update firmware like,Positive
'kxh99rr',happy cut tie xfinity,Positive
'kxhv95m',extra buck lol good really need ask worth congestion play factor tower stability,Positive
'kxhzaa6',three options good start,Positive
'kxi2ifj',use seattle los angeles server nord vpn one issue nord work great mlb,Positive
'kxk0hlk',must really good area tmobile cause get packet loss,Positive
'kxk79he',could help depend direction noise come try put bake behind gateway point towards tower see things improve stats pretty good lte stats,Positive
'kxwr2jn',speed must nice cave pay mediacom run fiber house road great backup wish great speed seem get service get moment could get mimos good day theres depri,Positive
'kxxcv8g',gateway metrics report correctly either native app hint control app display always show bar due inaccurate information firmware issue particular device side look pretty good though possible tower connect doesnt backhaul gateway could use better placement home placement make difficult bad report move around rotate slightly spot try let settle run speed test observe metrics good way outside first side home remove construction material interference base cgi could try get portable power supply try closer tower also perpendicular see signal edge,Positive
'kxxi4zf',data point add fw revision see ping marginally better speed little better upload,Positive
'kxxsph0',worth every penny model put sim card even lock specific use metro common knowledge pay every time switch phone model change imei mimic cell phone tablet pretty much mimic device imei take sim card put take normal data get cell phone blast thing truly amaze want trade thing end pay full price exact type router model dual sim card slot turn around order model single sim card snapdragon instead plus tax performance better vs still pretty model normally get around tower congest mbps still plenty enough run entire home giggle try upload picture speed test,Positive
'kxxu6qa',use nokia gateway shut come external router two pixels work great google home ive setup years wifi router archer,Positive
'kxyddn0',happy tplink deco mesh wifi hear good things eero mix things google,Positive
'kxylto4',want comment let know speak tonight move different tower get internet back speed call yet might worth see honestly expect anything chat person first tell nothing wrong try bring gateway replace end different problem later even need technical support thankfully able get home internet fix well,Positive
'kxyvzcx',believable,Positive
'kxywt8r',live bigger,Positive
'kxz766g',find extremely believable,Positive
'kxz82rf',ive pay vdsl offer mbps rural sc ive pay month early comcast offer day higher mbps hours moms apartment dsl mbps xfinity always bandwidth share mean stable speed id gladly pay know part experience high speed internet especially cheapest option available isnt dial still run anywhere month depend area,Positive
'kxz9umg',mean guess depend area op seem happy speed either happy get currently get mbps download little lower usual support uninterrupted hd stream reddit phone work laptop simultaneously op barely open facebook op thing offer area check starlink commit wait minutes webpage load,Positive
'kxzjwbl',home internet near bottom bucket priority congest tower totally possible,Positive
'kxzw26b',bet super fun party complain state speed amaze come thread criticism instead simple advice way could word without need put someone simply understand prioritization tower learn people skills follow rule,Positive
'ky0caf8',trouble frequently reboot router get speed mbps mbps reboot router bring mbps mbps even say excellent connection time make wonder whats go router might contact support soon though also suppose get fiber soon might switch available,Positive
'ky0eeci',use asus aimesh system work great internet speed decent,Positive
'ky0kbg0',might want try someone else first time speak get runaround tell tower timeline fix second person say tower able get go say truth tell also surprise bs exactly sure think move onto different tower reposition gateway think apparently say refresh connection also setup new network opinion experience customer service hard know true far first time give two different explanations anyway good luck man hope get run soon definitely ask courtesy credit never problem get credit issue like pay something work,Positive
'ky0r5tz',use cell booster make signal better unusable im perfectly happy bar good lte good enough online game,Positive
'ky0uxhw',get five bar front window wasnt close enough devices sacrifice bar get good speed great speed good enough,Positive
'ky1082s',get much better wifi good enough game smaller lobby watch netflix youtube,Positive
'ky13brx',get use cellular sign fiber cable much happier,Positive
'ky1h66r',dead zone around start get better around miles away mmwave cellspots get instal around town usually help,Positive
'ky1np0m',figure haha thank much post find minutes ago archive comment anything,Positive
'ky1vgdr',appreciate really want hammer home little understand stuff hop would get responses could somehow parse thank,Positive
'ky293zf',use additional router set tmhi device modem actually return first one think bust call duty would never let join lobby hope help work fine ever since get second modem,Positive
'ky2kso9',get business force block really want get around youll need router connect via vpn youll need get third party gateway support glinet really awesome gateway support connect vpn nordvpn others support port forward fix,Positive
'ky2u827',instal big help since use cloudflare dns website,Positive
'ky30viy',excellent dont need new router,Positive
'ky3g2bg',work perfectly thank,Positive
'ky3g5ka',course im happy help,Positive
'ky3l9w0',remote play work fine already special setup need make use,Positive
'ky3l9w0',remote play work fine already special setup need make use,Positive
'ky3njyf',smart outlet tip actually super helpful turn back say minute interval super smart thank,Positive
'ky3njyf',smart outlet tip actually super helpful turn back say minute interval super smart thank,Positive
'ky3r9oc',signal awesome tower probably congest,Positive
'ky3r9oc',signal awesome tower probably congest,Positive
'ky3syuy',pixel work fine gateway good verizon coverage shit wifi call glorious,Positive
'ky3syuy',pixel work fine gateway good verizon coverage shit wifi call glorious,Positive
'ky3wtm5',throttle death behind traffic want great experience everyone,Positive
'ky3wtm5',throttle death behind traffic want great experience everyone,Positive
'ky3zxvw',see tower block away get good,Positive
'ky3zxvw',see tower block away get good,Positive
'ky416yr',two days ago whatever reason way better today back normal,Positive
'ky416yr',two days ago whatever reason way better today back normal,Positive
'ky44sc4',work well doesnt mean everyone lot people already respond good things say hint work well seattle consistently area may upgrade yet insanely congest,Positive
'ky44sc4',work well doesnt mean everyone lot people already respond good things say hint work well seattle consistently area may upgrade yet insanely congest,Positive
'ky47y1j',good way better mine also band one better ones live rural area tower band low speed high range band,Positive
'ky47y1j',good way better mine also band one better ones live rural area tower band low speed high range band,Positive
'ky4br46',think get better speed near tower far away long directly good,Positive
'ky4br46',think get better speed near tower far away long directly good,Positive
'ky4cpf5',work return lol location work great,Positive
'ky4cpf5',work return lol location work great,Positive
'ky5vp1d',dunno well support reliable plain good enough cheapest suffice cable dsl regional fiber provider go live wire string put etc neighborhood already available gladly stick reliable fastest available need fastest anyways avg cost vs lowest tiers guy least reliable enough even quite good yes happy,Positive
'ky5yaag',closer better best ive see like,Positive
'ky73kbh',great get lucky,Positive
'ky7omle',still free trial test first result great replace local isp offer reason end cancel subscription,Positive
'ky7qq8z',good buy another one wow thats insane disclaimer waveform provide unit free charge review didnt buy another one clearly lie way id trust article,Positive
'ky836fd',internet problems nokia trash modem call get three bar three bar speed absolutely fantastic dont think bar even mean single thing download speed anywhere download upload speed anywhere upload maybe exchange modem tower also miles away,Positive
'ky98xuf',seem get ip sa mode matter due translation nsa mode always get private core address reboot switch sa ip keep translate successfully also notice translate ip always take path closest exit point real public ip nsa mode private core ip could potentially take many different paths reboot find closest speedtest server change along overall performance latency bandwidth sometimes actually better even sa latency wise,Positive
'ky9buh6',say connection excellent run like ping game,Positive
'ky9ck6e',thread party gateways pretty good array routers available,Positive
'ky9mc8u',good speed,Positive
'ky9ohrp',mimo antenna end pull red lead leave instal work great,Positive
'ky9rb05',great yeah iinet australia,Positive
'kyabhft',use red ones seem work fine,Positive
'kyatryp',part absolute best samsung show value like tho clear theres little tangible difference though,Positive
'kyb56h1',network overload better product,Positive
'kybqqw8',im glad save marriage,Positive
'kyc41xg',think location matter way think move mine third time seem lot better,Positive
'kyc6om8',absolutely right,Positive
'kycw8ya',question think antenna inside gateway device omnidirectional however yesterday bottom apps cellular metrics page active antenna say directional omnidirectional external antenna attach time today say omnidirectional speed still great yesterdays anyone ever see directional omnidirectional mean significant,Positive
'kycx0ea',say white gateways issue common gateway see throughout day thats good thing especially consider customers gateway,Positive
'kyd4igv',hear many people brag colossal speed get assume must live suburbs rural see plenty fast rock solid complete tower modernization plan modernize might call see do already closest tower tower modernization last weeks good luck,Positive
