MsgID,MsgBody,roberta_sentiment
'kwyn94q',thank reach move forward service change would happy get complete please send us modmail message https full name service address look forward help,Positive
'kwyq8hi',thank work make change account get set xfi complete look forward follow weekend make sure everything work well additional question follow reach digital care team time convenience digital team dedicate assist customers aspects account need troubleshoot together bill inquiries available xfinity reddit days week est please safe healthy weekend,Positive
'kwyucwn',reach us im glad able get speed work correctly us make sure signal good right bootfile modem full factory restore standalone router need assistance please dont hesitate start new thread,Positive
'kwyvmn5',thank reach via reddit would happy review result whole home evaluation see xfi pod would helpful get start please send modmail message https full name full address,Positive
'kwywt0o',good catch confirm charge screenshotted chat record,Positive
'kwz0i0w',thank much take time reach xfinity support reddit discuss internet service glad hear happy help way ensure top tier experience service worry reach team experts go get things square away see modmail message sure follow,Positive
'kwz33d1',team would happy assist simply reach us via modmail message https send full name service address,Positive
'kwz3j84',thank much take moment busy day leave post community subreddit update construction progress definitely come right place assistance could please send modmail message https include full name name account different service address associate account id happy look,Positive
'kwz535t',appreciate take time day follow im sure happen see modmail reply send recently follow go option available add sport entertainment,Positive
'kwz7xml',appologize trouble order place would happy assist way please send us modmail message https full name service address look forward help,Positive
'kwzdgjy',thank trust team find new promotion love available every day please reach ever need anything future also manage account troubleshoot get help xfinity app https thank continue loyalty hope great rest day,Positive
'kwzefsx',ccjustins appreciate take time day confirm yes indeed screw additional thank quick reply,Positive
'kwzg90f',link send expire like happen first two time send okay ive send sure click agree one expire paraphrase third time send link bite hook like buy use car manager say sell car price offer good next minutes three people interest car,Positive
'kwzgrnq',apologize experience team would happy take closer look simply reach us via modmail message https send full name service address,Positive
'kwzir71',thank much take moment busy day leave post community subreddit find new promotion definitely come right place assistance could please send modmail message https include full name name account different service address associate account id happy look,Positive
'kwzj0gd',hi awesome digital care team help please send us modmail message https full name account holders name different service address appear bill help,Positive
'kwzk69t',collin thank reach find account take closer look things need complete customer authentication process pretty easy need send code phone number email address file give code go good time send code would like send,Positive
'kwzkd4k',perfect,Positive
'kwzlkb2',hello thank reach us reddit certainly take look please send us modmail full name address,Positive
'kwzmhj1',need gigabit extra pay plus extra unlimited stream game download torrents never issue,Positive
'kwznpdj',appreciate apprehension order us assist would need get account information pull authenticate security purpose discuss account would do privately modmail https work via email rather via social media please send us message would happy help,Positive
'kwznrp1',save transcript wait link keep eye charge plan next couple months good luck still may worth check review plan express concern get enough pushback nothing probably hope,Positive
'kwzoxvo',gateway last month use gateway bridge mode work great need barely restart unlike old arris gateway also finally fix secondlife game issue fully setup gateway though may restart end march part routine maintenance think still typically restart devices end month idea really need far keep every device work perfectly years,Positive
'kwzrzka',team would happy tohelp inquiry support comcast currently gigabit speed tier follow modems list speed tier support gigabit https,Positive
'kwzxewk',feel free reach see xfinity always win,Positive
'kwzyn9b',appreciate apologize extreme anger frustration sometimes spill post,Positive
'kwzzikk',really sweet deal years back barely pay anything never go past gig raise mostly pay around buck wasnt bad pretty much id rather pay another carrier little get unlimited data probably find unlimited somewhere else,Positive
'kx00dof',appreciate take time work us today im happy able get repackaged plan thats better fit household please reach back us publicly need assistance future thank best part xfinity,Positive
'kx0ej54',spend part day work team ever question concern please feel free create new post future team community always help however,Positive
'kx0g524',good question walk local xfinity store would able assist,Positive
'kx0gm5j',need phone home work wifi cut google voice love right solution though,Positive
'kx0j1yt',congratulations new house thank make us part new home hope pretty smooth move put lot plate transition let make sure page head right direction fix devices home unable connect devices mention post devices connection issue able view network view available network,Positive
'kx0o6o4',thank reach xfinity reddit regard promotion would happy see promotions area want ensure get best value service want lose customer please send us modmail https message first last name along physical address,Positive
'kx7ddzx',thank reach internet service would happy help tell try far troubleshoot go notice multiple devices one device particular,Positive
'kx7ehub',reach us glad chance see options available please keep mind exist customers new customers also already take advantage new customer price options one benefit new customers receive xfinity reward https provide complimentary gift customers longer tenure better reward additional thank long term customers truly regret see loyal customer like go however understand reason want disconnect service today great weekend,Positive
'kx8l6az',happy get closer look please feel free send us modmail message use link https get particulars get work right away,Positive
'kx8lkf8',paradox_within thank much take time reach xfinity support reddit glad hear want help way address account bill concern worry reach right team help options lower monthly amount ensure best service please feel free send us modmail message use link https get particulars get start,Positive
'kx8mza5',hey thank reach interest upgrade speed excite hear work perform area team would love help however great place start enhance speed market https knowledge base course youll see receive email communication work do say speed increase location receive communications like yet,Positive
'kx8wuv4',switch internet essentials even acp get ill stay ie plan also raise rate pay change still much better baud modem use,Positive
'kx8xi3l',apologize bill system work explain happy look bill make sure everythings cancel give proper expectations get start could please send us modmail https message include name account holder name different service address get start one awesome colleagues respond soon possible,Positive
'kx8zjtp',reach look forward work,Positive
'kx90zjc',technician come place however purchase different package benefit business internet already see mention faster response time static ips advance voice service overall quality would quality residential service,Positive
'kx939n5',follow yes website horrific success folks moderate subreddit theyve easy work helpful,Positive
'kx94rtk',thank reach us via reddit im happy able resolve concern please enjoy rest weekend reach us anytime thank part xfinity hope able service future,Positive
'kx955ib',appreciate take time follow appointment update wonderful technician expert find completely understand want remove amp currently may cause issue arise,Positive
'kx9e4ao',completely understand ok reach next week follow,Positive
'kx9faey',thank take time reach social media know important fast reliable connection want help way id happy run troubleshoot today troubleshoot also do account app online https troubleshoot get start please send us modmail https name name account holder different full service address include city state zip code,Positive
'kx9g4sk',thank time work us pleasure ensure able get investigate fully available reddit employee support days week wonderful rest weekend,Positive
'kx9tylg',wed love check new promotions please send us modmail https full name service address get start,Positive
'kx9viuk',steer towards xfi complete include unlimited data modem per month get unlimited data go modem cost per month save month unlimited data lotto use cable modem free essentially,Positive
'kx9vy46',thank reach us reddit could please send us modmail https message include name account holder name different service address get start one awesome colleagues respond soon possible,Positive
'kx9ytm6',sign new subscriber get better price new subscriber,Positive
'kxa3p3x',im glad able get concern resolve thank best part xfinity ever need anything feel free reach us time please enjoy weekend,Positive
'kxabo1s',set thank reach allow us opportunity help get back plan work best household pleasure work dont forget always use plan builder https shop xfinity deal https online simply log account https make change way otherwise create new public post question concern arise community ya,Positive
'kxabwtl',response get good even hope youre head weekend fun plan ticket weve monitor close engineer advise screen saver feature work intend find isnt way stop screen saver kick youve request know isnt news want want transparent question stem information xfinitymarcos get workaround possible might firmware cause change workaround smart tv always download iheart radio app continue use tv pay lot cable cant use time cut cord,Positive
'kxad3lx',welcome comcast thank take time reach us today bill increase bill increase hassle deal sorry learn youre unfavorable experience team bill gurus would love research could please send modmail message https full name full address id happy look,Positive
'kxae7jh',exactly advice go give youre probably go different package mom bundle royal pita cut back start absolute basics one thing would get phone chance get much better plan another cell provider course offer super cheap multiple years take look,Positive
'kxaegf0',wrong tech saw errors scan put backend ticket still see intermittent packet loss high latency havent see outage since least hopefully find issue sooner rather later tech really great one best ive see xfinity way take positive feedback bubble,Positive
'kxafg1i',thats helpful,Positive
'kxaft83',appreciate take time provide update technician visit id happy review recent visit find infromation technician ill follow modmail conversation,Positive
'kxaim9i',feedback digital care team always happy help,Positive
'kxajv93',happy able get plan work best household please dont hesitate reach us anytime future question need team days week est hope wonderful rest weekend,Positive
'kxakb3m',thank much use reddit contact xfinity support team come right place help happy see go connections speed order get start please send modmail message https full name full address,Positive
'kxakfvv',thank much reach outto us today question xfinitys next gen speed area upgrade ready enhance speed receive email xfinity let know change speed receive email yet,Positive
'kxalkgf',ive do well,Positive
'kxalvvy',yes mom bundle still include land line main concern good internet work home get cable top good rate would great,Positive
'kxam5ii',great question every area different unfortunately schedule provide show new areas bring online know local xfinty construction team work hard get everyone upgrade quickly possible,Positive
'kxb4r9y',youve come right place please send us modmail https full name best contact information address locate,Positive
'kxb7cas',pleasure work private today please dont hesitate reach back ever question concern well always,Positive
'kxbbnpg',send january list retail modems list obviously grow since january xfinity internet update faster internet speed available upgrade internet equipment today good news enjoy faster upload speed smoother connections current xfinity internet package easy next step internet equipment unable deliver new speed list compatible devices purchase hiltron technologies coda hiltron technologies netgear netgear arris surfboard upgrade equipment faster upload speed video chat smoothly upload larger file game online less interruption much speed include current internet package one example xfinity network evolve get smarter faster reliable take action today enjoy faster upload speed soon possible thank xfinity customer,Positive
'kxbchrq',thank allow us assist inquiries today anything come dont hesitate message team hope enjoy rest weekend,Positive
'kxbd3q4',good reason get tv service comcast cable company comcast video overcompressed switch something like youtube tv directv stream picture quality improvement surprise belt fee install app tv favorite stream device apple tv roku google tv amazon fire tv etc need internet,Positive
'kxbeawe',start work thank help,Positive
'kxbequi',thank much reach digital care team appreciate patience wait connect ill happy look question area upgrade please assure reach right person assist please send modmail https first last name along full service address assist,Positive
'kxbl2gr',set support staff able help resolve issue im truly thankful hard find good support channel days,Positive
'kxbqhzt',thank much reach digital care team appreciate patience wait connect im sorry trouble xfinity mobile service please assure reach right person assist please send modmail https first last name along address assist,Positive
'kxc6lzp',appreciate take time day want ensure able get touch awesome xfinity mobile expert help get take care get question answer due account security options xfinity mobile account limit unable perform device request platform try call texting reach secure online chat xfinity mobile expert available richard,Positive
'kxc8wx6',say must tier well tier get hardwired mac mini ethernet connection internet fine thank,Positive
'kxc9oc4',thank much reach digital care team appreciate patience wait connect ill happy assist internet concern please assure reach right person assist please send modmail first last name along address assist,Positive
'kxcer7q',thank reach use xfinity subreddit know frustrate try enjoy program audio issue arise would happy see assist issue firstly occur peacock program,Positive
'kxcmztk',thank reach xfinity reddit regard speed availability area truly appreciate interest faster speed would happy help check availability please send us modmail https message first last name along physical address,Positive
'kxcog3t',problem thank provide title us curiosity much enjoy overwatch hear couple years back consider play eventually also notice concern engage activities outside game stream content result constant buffer issue access web general also many devices connect internet simultaneously sessions notice issue arise,Positive
'kxcotep',enjoy quite fun commonly devices connect time play experience issue stream issue ever online game,Positive
'kxcqgxc',well certainly good hear would say skill gap entry new player relatively manageable far learn mechanics order get start okay definitely help us narrow couple things one thing would like take look current plan see kind speed potentially work connect know mention connection wireless point usually significant difference connectivity comparison hardwired connection especially modem locate area home relatively close console potential point interference brick infrastructure microwave aware ghz band connect worry something look bite deeper later,Positive
'kxee13n',thank take time reach social media im happy help know important work within budget want make sure get amaze service need best possible price get start please send us modmail https name name account holder different full service address include city state zip code,Positive
'kxefsjl',reach look forward work,Positive
'kxei2r6',thank reach xfinity reddit page help find new promotion please send modmail message https first last name well complete service address help,Positive
'kxenggl',iphone pro tier,Positive
'kxeu1q8',great thank delay store pickup fine set gateway store pickup actually go pick weeks,Positive
'kxexaxb',ok didnt see way set activation date initial setup thats great thank,Positive
'kxeyi6r',capable devices connect much faster wifi connection capable devices,Positive
'kxeys2u',thank visit forums assistance add new paymenth method definitely help well please send us modmail https make sure include full name service address ticket number available,Positive
'kxf4xsl',good point thank,Positive
'kxfyr4z',take time respond provide easiest path forward much appreciate enjoy rest day stay safe,Positive
'kxfzo9p',welcome need anything else dont hesitate create new submission great rest day,Positive
'kxg0t46',hope sunday go well far thank connect us mobile issue happy hear resolve anything assist please let us know mean discussion post flair shouldve add look forward reply assist necessary,Positive
'kxg1gvo',use smartphone years perfectly capable fix without case previous time call last month half fix without,Positive
'kxgbtkl',afternoon happy easter hope fantastic weekend team would happy review current promotions see lower monthly bill rest assure youve reach right team help get start please send us modmail message https first last name along service address account include applicable unit apartment number look forward work,Positive
'kxgd54s',thank reach today happy assist could please send modmail message https full name full address id happy look,Positive
'kxgfm87',hey thank much post reddit share picture really help us understand lan concern base info image think get network switch could solve issue find different options depend many port need unfortunately cant help waps suggest reach device manufacturer dont work properly get network switch recommend get network switch plug port connect ethernet cable waps devices available port switch leave modem set fiber line termination point help activate waps devices home give try update post everything connect thank,Positive
'kxgitfd',thank let know appreciate may moca filter drop would need technician look since multiple units around could please send us modmail message https include full name name account different service address associate account id happy look,Positive
'kxgpgno',hope day go well chance go troubleshoot checklist https yet super important make sure everything good modem connection enter home,Positive
'kxgugek',everything work fine might xfinity work upgrade areas network,Positive
'kxguqeo',get local nbc cbs abc fox cw pbs station sure check espn cnn seem okay air channel rebroadcast mean anything,Positive
'kxgv59m',perfectly capable get increase upload speed check plan xfinity app see plan speed list say upload mbps run speedtest,Positive
'kxgvk06',look fine also download speed upload speed good thing find might wrong correctable uncorrectables modem everything look fine play online game confuse,Positive
'kxgyajq',people future find post comcast crew great job comcast complete sh reputation customer service attest web site customer service ai terr ble subreddit actually good,Positive
'kxh2hy5',connect us dvr record mariners game definitely see could issue multiple record capture game would also concern lose old record well go adjust series priority settings record sometimes help keep super important series get record https case havent do please remember ondemand excellent option series well newly air program available watch soon next day realize ideal program work weekly show,Positive
'kxh6y8l',even thank reach reddit team hope wonderful easter weekend since state use equipment add unlimited data additional youd like us assist add unlimited data account please send us modmail message https name service address wed happy help,Positive
'kxh9m5e',thank take time day reach new promotion happy able get great one appreciate value loyalty great night,Positive
'kxhe8yk',thank confirm imagine btg go many takers price use cheap xm perk come along xfinity internet customer another overprice mobile phone service world better options every day,Positive
'kxhogc9',appreciate additional information let take look signal could please send modmail message https name service address id happy look,Positive
'kxhve2s',thank much reach us even official xfinity reddit community support page would love look account verify equipment successfully remove charge equipment could please send modmail message https full name complete service address include city state zip code id happy look,Positive
'kxhy4ad',thank much take moment day leave post community subreddit help speed network upgrade area could please send us modmail message https include full name name account different service address associate account id happy look,Positive
'kx0tuku',thank much,Positive
'kx0vfth',thank reach help account team would able answer question astound happy take second look account available promotions get start please send us modmail message https include full name service address assist,Positive
'kx0wito',thank visit official xfinity reddit community support page website appear work intend depend service include may need speak representative get full understand change go make service repackage unbundling would happy go account bill discuss change could please send modmail message https full name complete service address include city state zip code id happy look,Positive
'kx0y8as',replace unifi uci amaze push update enable faster upload speed,Positive
'kx12nzh',similar issue promotion cost go try deal comcast couldnt move astound internet however astound iptv couldnt get cable card use tivo astound internet first get worry since couldnt get upload speed mbps package tech first say modem arris know wasnt three days four different crew work line finally correct issue far work great speed better get comcast since comcast hasnt approve higher upload speed yet overall happy internet cant beat free installation month free months tax fee ill see happen six months hope dont move customer service technicians excellent,Positive
'kx12qa3',look change mobile plan swap unlimited gig right xfinity mobile app great article show https would like change assistance https core xfinity service tv internet home phone home security help choose new plan via modmail message https,Positive
'kx16yt0',ditch data cap comcast astound two contract pay close pay comcast discount one gig service speed good huge drop speed peak hours,Positive
'kx1768d',thank much reach digital care team appreciate patience wait connect im sorry inconvenience experience slow internet speed please assure reach right person assist please send modmail https first last name along address assist,Positive
'kx17ool',yeah forget unlimited data definitely nice worry anymore,Positive
'kyazh4s',thank update follow weekend check make sure everything work normally still hope great weekend,Positive
'kyb0vl2',send submission post id happy confirm new home build area offer higher upload speed via modmail,Positive
'kyb18q6',morning great question normally xfi complete month see promotional rate month months mean months xfi complete increase price regular rate package per month state unlimited data value since customers add xfi complete unlimited data charge current rate unlimited data,Positive
'kyb2rqb',good morning appreciate reach reddit support team assistance internet package see want get best deal possible dont necessarily cap threshold come standard package tb case households need unlimited option well im happy review package service see better package fit need today begin please send modmail name name account service address work today https,Positive
'kyblp7n',would like take closer look account please send modmail message https include full name service address assist also want make sure aware time need troubleshoot xfinity app assist step step pay bill get notifications interruptions learn troubleshoot future follow link https honestly best app date offer super easy use account need,Positive
'kybu0gx',thank post reddit page certainly look provision modem make sure everything receive correctly would please send us modmail message https full name full address get start,Positive
'kybzc69',xfinity five years problem try charge month internet mbps check around find frontier speed fiber better buck first months far amaze,Positive
'kyc1cq4',morning thank take time create new post contact right place assistance activate modem modem associate account previously recently good chance serial number still attach account anything unexpected arise activate cant complete open ticket awesome equipment experts help get resolve time please send us modmail https message include name account holder name different service address get start one awesome colleagues respond soon possible,Positive
'kycfd6p',thank reach us reddit ill happy look bill get take care could please send us modmail https message include name account holder name different service address get start one awesome colleagues respond soon possible,Positive
'kycpvnh',thank reach allow digital care team opportunity get things fix determine somehow repackage one cable card disable weve activate refresh account give time channel appear well appreciate continue loyalty encourage create new post anything else come meantime good one,Positive
'kycyzib',thank reach us reddit could please send us modmail https message include name account holder name different service address get start one awesome colleagues respond soon possible,Positive
'kyd38p2',thank reach,Positive
'kyd3gi1',thank reach us reddit ill happy see promotional offer service love need could please send us modmail https message include name account holder name different service address get start one awesome colleagues respond soon possible,Positive
'kyd7d7z',hope youre good weekend im follow see installation go today richard,Positive
'kydbskx',team help could please send modmail message https full name full address id happy look,Positive
'kydo8sb',reach right place help easily view much data use data usage history xfinity app see data usage online go devices https devices usage page see data usage overview need sign xfinity id password already log also click internet tab locate service top site view usage plan section customers xfi gateway modem use xfinity app view data usage download free google play https app store https text app see data usage xfinity app open app tap account tab bottom right corner tap data usage plan section see usage trend id appreciate chance help review account work together add unlimited data option need could please send modmail message https full name full address id happy look,Positive
'kydvue6',thank much use reddit contact team come right place help happy help confirm market upgrade order get start please send modmail message https full name full address,Positive
'kydz0ok',thank much use reddit directly contact team happy look bill increase opportunity work together order get start please send modmail message https full name full address,Positive
'kye0j8x',work really well fortnite cod mean anything complaints service far,Positive
'kyebvpg',thank much reach digital care team appreciate patience wait connect ill happy assist find internet plan fit need please assure reach right person assist please send modmail https first last name along full service address assist,Positive
'kyehdkn',work curious people actually get good deal via sub,Positive
'kyenk0q',appreciate time allow us assist inquiries anything else come please dont hesitate message team wish best hope enjoy rest weekend,Positive
'kyeorut',appreciate use xfinity subreddit page reach today someone use internet daily variety task importance excellent connection lose let take look concern together firstly want thank include step take detail overall experience new location would like get account fully verify pull end take closer look things begin please send us modmail https message full name complete service address,Positive
'kyepb2g',glad go well construction team able bury cable issue,Positive
'kyeqhrd',highly recommend message user comment thread,Positive
'kyfbc4c',comcast gateway bridge mode router get unlimited data well faster upload speed available neighborhood,Positive
'kygmb5g',thank take moment busy day leave post community subreddit im sorry hear youre issue connection definitely come right place assistance im happy hear already technician schedule wouldnt hurt go little standard troubleshoot ahead time case see latency spike content connect game servers besides one mention already try run traceroute ubisoft server see latency happen closer closer destination may helpful technician identify specific relay point hop things consistently break find detail troubleshoot wiki https,Positive
'kygopwi',thank reply post appreciate man look run trace route ubisoft seem like ping perfect would say idk result order ping get game would happy,Positive
'kygswa8',may worth look im familiar port forward know netgear really helpful interface able run external test use tool like port checker see make sure port open operational definitely unusual happen especially consider thing every time mention interact customer service already customer service team customer service,Positive
'kygycng',thank much reach team help provide support reddit modmail bill relate concern could please send modmail message https full name full address id happy look,Positive
'kyh3h98',tiny data cap use pretty quickly download see breakdown without router recommend use thats ive see well vs xfi package,Positive
'kyh4hpw',refer tablets tablets eligible gb premium data unlimited data reduce speed cellular tablets count line service account line use tablets include total number line price unlimited data tablets unlimited plan per month,Positive
'kyh4zle',yes option unlimited data tablets,Positive
'kyhbzfr',thank take time reach social media youve reach right department id happy help make change account get start please send us modmail https name name account holder different full service address include city state zip code,Positive
'kyhlfen',verify code see youve value xfinity customer since appreciate business want help get amaze xfinity service rely lowest possible price id like detail service need dont mind ask typically use internet many devices usually connect would like make change channel lineup,Positive
'kyhmtbe',work home digital agency well game software development currently plan also unlimited data add see xfi complete make cheaper use modem make want switch option use devices different time home iot devices ideal world bring cost go internet mainly watch twitch youtube occasionally never see higher speed plan allow guess tv plan add get cheaper rate whatever basic one without drive price,Positive
'kyhps72',thank reach xfinity reddit page help make change account sad see go youve come perfect place get account close please send modmail message https first last name well complete service address help,Positive
'kyhsdve',thank much take moment busy day leave post community subreddit upgrade service definitely come right place assistance cant think reason would ask technician complete type upgrade since already gigabit extra service able clarify things could please send modmail message https include full name name account different service address associate account id happy look,Positive
'kyhz89e',work team find new plan work things please feel free create new post future anything come,Positive
'kyi1jwf',drop plan do youre welcome,Positive
'kyi9c1f',thank take time reach social media youve reach right department id happy help make change account get start please send us modmail https name name account holder different full service address include city state zip code,Positive
'kyivvcx',wed love assist via current modmail conversation ensure set visit,Positive
'kyiy2gj',thank visit official xfinity reddit community support page appreciate take time day want ensure provide best support possible certainly help review xfinity account bill service however xfinity mobile expert would need reach chat https https would like assistance regard xfinity landline service please send modmail message https full name complete service address include city state zip code id happy look,Positive
'kyj935n',thank much connect us subreddit would happy assist look new promotion cost everything go days make sure stay budget please send us modmail message https include full name service address may help look forward modmail,Positive
'kyj9e10',thank much take moment day leave post community subreddit could please send us modmail message https include full name name account different service address associate account id happy look,Positive
'kyjeko6',return device tomorrow agree say probably whats go think id better luck different pixel im really sure try order next really want pixel ive use years xfinity mobile really enjoy use,Positive
'kyjf48d',might persuade stay comcast offer nice discount mod contact discuss thank,Positive
'kyjfqvx',thank reach us reddit would sure hate see long time customer like disconnect service still access xfinity email xfinity service mention also dont forget check xfinity reward program havent enrol xfinity reward program xfinity customers way say thank us reward members enjoy special mix special perk unique experience product benefit much longer xfinity reward get free easy use xfinity reward https review account ensure get best value get start please send us modmail https full name name account different service address thank,Positive
'kyjhzhu',thank visit official xfinity reddit community support page happy review account available eligible promotional offer could please send modmail message https full name complete service address include city state zip code id happy look,Positive
'kyjjihc',dont think matter issue seem somewhat random aa long good return policy think youll fine,Positive
'kyjlpk2',dont think matter issue seem somewhat random aa long good return policy think youll fine,Positive
'kyjmr9f',cancel cable xfinity keep internet bill go get max direct could get version work great,Positive
'kyjntno',exact plan would cheaper sign new customer im still wait speed upgrade though ive get plan get upload router port could bump upload better number id good shape,Positive
'kyjtq2i',connect us sorry hear experience would love opportunity see promotion may suit usage know stay budget must days gladly take another look may please send us modmail message https include full name service address may help look forward modmail,Positive
'kyjw1ju',thank receive modmail well take care,Positive
'kyjz5bx',helpful thank response,Positive
'kyk6g04',thank work us via modmail glad able get resolution extra info plan reminder always find promotion expiration date statement xfinity app hope enjoy rest night,Positive
'kyl8r8e',else problem xfinity game get kick lag great make game freak fun,Positive
'kylmn9q',thank much take moment busy day leave post community subreddit find new promotion definitely come right place assistance could please send modmail message https include full name name account different service address associate account id happy look,Positive
'kylowxn',thank reach via reddit today wish option son teen understand try update option time step start begin process set downtime xfinity mobile app follow step open xfinity mobile app device go persons settings page select create schedule next downtime choose type schedule want set anytime bedtime homework dinner give schedule name select days schedule apply set start end time schedule click apply save schedule note schedule overlap must least one minute end one schedule begin next manage people xfinity xfi https also great resource review,Positive
'kyluwfp',happy help please reach via modmail name address thank,Positive
'kylvjxp',wifes self account active activate new old customers get better introduction deal,Positive
