MsgID,MsgBody,roberta_sentiment
'kwyoggp',question girl miss bill day set payment arrangement today cancel money payment arrangement,Negative
'kwyojmw',single family dwell im sorry know thats helpful hard much shes uncooperative,Negative
'kwyqjqa',wouldnt able additional account address give option add additional account address online doesnt say anything cancel exist account possible dont want cancel change plan im kinda behind back completely uncooperative,Negative
'kwyrkx5',worst part change plan send text message approve change plan read whole thing agree end,Negative
'kwyrl92',comment https remove rule profanity inappropriate language https understand work company frustrate especially youve negative experience however ask users please use appropriate language engage community include abbreviate otherwise colorfully censor profanity well feel comment remove error please contact moderators https always remember human https behind every username thank understand bot action perform automatically please contact moderators subreddit question concern,Negative
'kwyruyx',comment https remove rule profanity inappropriate language https understand work company frustrate especially youve negative experience however ask users please use appropriate language engage community include abbreviate otherwise colorfully censor profanity well feel comment remove error please contact moderators https always remember human https behind every username thank understand bot action perform automatically please contact moderators subreddit question concern,Negative
'kwyt266',comcast rep confirm pending change account dont know online attempt unsuccessful thankfully rep able update end amaze largest internet provider us poorly function web site im simply try log change bill method spin errors,Negative
'kwyteo7',see say course plan pay claim need cancel move really need im petty enough stop use thank,Negative
'kwyu9el',problem,Negative
'kwyvehs',want update credit folks nothing professional excellent unfortunately doesnt seem translate everywhere,Negative
'kwyy0gc',need wifi sound like need pay thus cancel account open new account put name,Negative
'kwz1vvy',comment https remove rule profanity inappropriate language https understand work company frustrate especially youve negative experience however ask users please use appropriate language engage community include abbreviate otherwise colorfully censor profanity well feel comment remove error please contact moderators https always remember human https behind every username thank understand bot action perform automatically please contact moderators subreddit question concern,Negative
'kwz201f',sorry earlier hiccup,Negative
'kwz480n',realize lose yet another service sport entertainment package thats go,Negative
'kwzcu15',sorry know post write wrong company burn xfinity discount proration,Negative
'kwzgz6f',jump gun discover morning also lose sport entertainment package cost another ten buck get back,Negative
'kwzh9ae',actually record data usage network rokus take ridiculous amount bandwidth month wilp post link screenshot get home,Negative
'kwzhmlh',sorry hear,Negative
'kwzibo4',get notice disappoint even use month mobile data connect work personal hotspots day phone texting stupid greed end move visible pay unlimited allow people like keep current gb cost go drop mobile service,Negative
'kwzk4tw',get announcement month plus internet go acp may disappear additional month im get squeeze megacorps every way pretty tiresome may move google fiber xfinity isnt competitive,Negative
'kwzl5ol',comment https remove rule profanity inappropriate language https understand work company frustrate especially youve negative experience however ask users please use appropriate language engage community include abbreviate otherwise colorfully censor profanity well feel comment remove error please contact moderators https always remember human https behind every username thank understand bot action perform automatically please contact moderators subreddit question concern,Negative
'kwzmby7',share get think im older plan similarly lock due device credit id pretty upset lock price increase due,Negative
'kwzq5f0',get email xfinity mobile raise price begin may hardly afford pay wish cell phone never invent need damn thing everything sign require cell phone number senior citizens give ton money xfinity every month encourage us sign affordability connectivity act approve disapprove whole thing mess look pay go plan,Negative
'kwzq910',issue xfinity owe credit call time time phone anywhere hour hour tell time call rest assure mam take care money bank account business days last call tell see bank account business days xfinity capability get money every month seem figure get money back xfinity ashamed embarrass customer service poor lie customer part train offer agents poor customer service bill practice reason leave xfinity could offer internet month would come back set lawsuit hold money money collect interest interest belong customer take money service render theft,Negative
'kwzqefx',get message right wife grab new phone lock us two years im really disappoint pay share data go also sometimes go limit happen occasionally price go extra gig dont understand price go im get additional service,Negative
'kwzr5of',issue xfinity owe credit call time time phone anywhere hour hour tell time call rest assure mam take care money bank account business days last call tell see bank account business days xfinity capability get money every month seem figure get money back xfinity ashamed embarrass customer service poor lie customer part train offer agents poor customer service bill practice reason leave xfinity could offer internet month would come back set lawsuit hold money money collect interest interest belong customer take money service render theft,Negative
'kwzsyf2',email well join last year price already go expect anything else xfinity though always screw us,Negative
'kwztapc',error message mean,Negative
'kwztdbs',comment https remove rule profanity inappropriate language https understand work company frustrate especially youve negative experience however ask users please use appropriate language engage community include abbreviate otherwise colorfully censor profanity well feel comment remove error please contact moderators https always remember human https behind every username thank understand bot action perform automatically please contact moderators subreddit question concern,Negative
'kwztfix',also issue supply modem never comcast own equipment house credit give although box remove account complain,Negative
'kwzubng',keep delete post truth issue xfinity owe credit call time time phone anywhere hour hour tell time call rest assure mam take care money bank account business days last call tell see bank account business days xfinity capability get money every month seem figure get money back xfinity ashamed embarrass customer service poor lie customer part train offer agents poor customer service bill practice reason leave xfinity could offer internet month would come back set lawsuit hold money money collect interest interest belong customer take money service render theft,Negative
'kwzv4qi',mostly use month occasionally month increase really hurt anyone else think move unlimited data significantly increase usage cost comcast money,Negative
'kwzw8bg',comcast year due bogus data cap seventeen years use emta router worthless grand total three months soon departure start get email text state owe monies return junk turn sixteen years ago call customer service put end harassment,Negative
'kwzxd33',fight xfinity mobile issue months also experience trouble send receive texts well connect wifi work fine cellular data escalate matter multiple level end file fcc complaint alicia xfinity mobile corporate resolution able get resolve start act im still fight xfinity mobile issue wish would never go good luck,Negative
'kwzzjbh',get well unhappy thats price hike im go look dump although think make pay phone bullcrap able turn phone erase debt pull stunt like,Negative
'kwzzn1s',term service xfinity mobile actually unbelievable give xfinity mobile power world make change get give shoddy service equipment recourse term service state service provide arent responsible anything take minute read term service really bad regret switch xfinity mobile fight months try get service work properly,Negative
'kx027ap',person household streamers gamers go expensive plan go around literally zero options besides dsl essentially monopoly many xfinity regions know cap wont go away without competition legislation,Negative
'kx05b8a',wasnt even able find would cost cancel voice one phone attach never pick check call log voicemail crap time,Negative
'kx09c9p',xfinity guy delusional mvnos across industry lower price add value guy take hard leave want business anymore get,Negative
'kx0c3jx',comment https remove rule profanity inappropriate language https understand work company frustrate especially youve negative experience however ask users please use appropriate language engage community include abbreviate otherwise colorfully censor profanity well feel comment remove error please contact moderators https always remember human https behind every username thank understand bot action perform automatically please contact moderators subreddit question concern,Negative
'kx88di9',company completely absurd use suppose mixups uninformed reps tip balance cash favor strategy wear consumer point give take hours phone get solution moreover offer substantial discount phone plan upgrade seriously loyal customers offer suppose loyalty program worse versions promos find internet,Negative
'kx8naz4',sorry hear trouble service modem use xfinity gateway reason ask parent issue modem modem get update need replace newer modem,Negative
'kx8r07g',comment https remove rule profanity inappropriate language https understand work company frustrate especially youve negative experience however ask users please use appropriate language engage community include abbreviate otherwise colorfully censor profanity well feel comment remove error please contact moderators https always remember human https behind every username thank understand bot action perform automatically please contact moderators subreddit question concern,Negative
'kx9803m',sorry hear would like cancel service team help please send us modmail message https full name account holders name different service address appear bill help,Negative
'kx9d3uy',much follow couldnt bring deal phone issue rest week push appointment next week,Negative
'kxabfq1',thank take time day message us forum im sorry trouble connection know frustrate connectivity issue get error code lg tv mean tv connect internet please try reconnect tv press home select settings simply press menu navigate select navigate select set select wireless enter password see get connection confirmation also try reset modem minute unplug power cord plug modem back see reset modem help,Negative
'kxaf4r5',work fine months ago poor customer service,Negative
'kxafqa5',apologize dont answer question work months ago something engineer able find issue im sorry inconvenience cause,Negative
'kxag4bh',time get new engineer create issue cant fix,Negative
'kxagyd4',problem error samsung frame,Negative
'kxaimzv',xfinity stream always trash,Negative
'kxajbnz',apologize youve experience issue internet service troubleshoot step perform far dont want repeat step may already take,Negative
'kxatrz6',legal robbery greed,Negative
'kxaxfum',due rule remember grandma would say https theres things dont talk polite company sub thats race religion politics know people passionate beliefs time place discuss place comment post contain religious political racially sexually offensive content profanity insult inappropriate content remove users subject ban include refrain discriminatory comment basis race gender age religion disability sexual orientation etc,Negative
'kxazuvp',think error message tv go away instal app phone,Negative
'kxb18l9',pay network license fee channel even dont want,Negative
'kxb6rio',information problem mention post white screen,Negative
'kxb9fj1',static reserve ip set gateways connect devices panel pc also cause issue xfinity port forward,Negative
'kxbagpg',modem isnt compatible speed tier youre test wifi pc ethernet adapter qos set router isp network issue,Negative
'kxbxe2o',question dump already lmao,Negative
'kxbywpr',confirm outages status center gateway connection tight internet problems devices problem present day,Negative
'kxcg1sb',even unfortunately,Negative
'kxcibyk',comment https remove rule profanity inappropriate language https understand work company frustrate especially youve negative experience however ask users please use appropriate language engage community include abbreviate otherwise colorfully censor profanity well feel comment remove error please contact moderators https always remember human https behind every username thank understand bot action perform automatically please contact moderators subreddit question concern,Negative
'kxcpxs1',entirely purpose design might think im cynical assure intentional cite folks actually work one currently tell actively make way want debt want never cancel hassle monopoly want act best interest pretty much time literally choice base live essentially arm government point closely collaborate data collection firm government entities commit outright fraud catch many time operate impunity one go jail ones hold accountable basically movie level evil get personal experience experience insiders unfortunately work,Negative
'kxe6upo',router probably isnt great,Negative
'kxeod62',add reason keep get cable internet bill never even use connect non work phone,Negative
'kxfb4g3',day soon get rid crazy price garbage service,Negative
'kxfcsjv',submission https remove rule profanity inappropriate language https understand work company frustrate especially youve negative experience however ask users please use appropriate language engage community include abbreviate otherwise colorfully censor profanity well feel comment remove error please contact moderators https always remember human https behind every username thank understand bot action perform automatically please contact moderators subreddit question concern,Negative
'kxfjpgq',due rule profanity https work company extremely frustrate especially youve negative experience however ask users keep clean use appropriate language avoid profanity include abbreviate colorful censor type cap inflammatory remark inappropriate etc,Negative
'kxfqr3y',im unable see screenshot click bill statement look dont see icon top right hand corner square arrow top point upwards,Negative
'kxfwdvk',odd try access bill statements another device well experience issue,Negative
'kxg9ihe',call almost weekly issue obviously havent fix root cause,Negative
'kxge1re',xfinityty dont understand https doesnt seem cancel cable switch acp internet essentials send account detail im afraid check submit comcast expect much,Negative
'kxggvi9',apologies confusion link telephone number provide get connect internet essentials team get sign internet essentials certainly cancel service wont able sign internet essentials youd like proceed cancel service prior sign internet essentials please send us modmail https message include account holders first last name full name different address,Negative
'kxgki1b',receive several email comcast say dont worry well take care acp end go https eligible internet essentials look like already internet service address internet essentials program eligibility requirements customers exist internet connection comcast question would like review application please call yall want cancel everything comcast get modem run x days apply internet essentials isnt anyone responsible transfer acp customers internet essentials go months x ill pay someone besides comcast one comcasts email say need change acp ie within x days fault tell boss arent handle well dont anything except tell boss arent handle well,Negative
'kxgsa0z',reach us definitely frustrate experience see pixelation issue channel ncaa broadcast,Negative
'kxgtvk6',dont know one person house dont know might grab phone error plenty reason ask verify think customer service person call try scam need put koolaid,Negative
'kxgxwpd',comment https remove rule profanity inappropriate language https understand work company frustrate especially youve negative experience however ask users please use appropriate language engage community include abbreviate otherwise colorfully censor profanity well feel comment remove error please contact moderators https always remember human https behind every username thank understand bot action perform automatically please contact moderators subreddit question concern,Negative
'kxh6fy7',im mistake try file download appear text format miss something,Negative
'kxh8rj5',comcast business connection dont servers yet need pull backups work like champ long stop work make change want business realm need fix well find another provider,Negative
'kxhlyog',read wrong sorry jet lag idea maybe wait drop issue deal maybe save time support,Negative
'kxho54f',comment https remove rule profanity inappropriate language https understand work company frustrate especially youve negative experience however ask users please use appropriate language engage community include abbreviate otherwise colorfully censor profanity well feel comment remove error please contact moderators https always remember human https behind every username thank understand bot action perform automatically please contact moderators subreddit question concern,Negative
'kxhsvnl',may work cause heat problems gateway,Negative
'kxhud29',pretty slow bad worst,Negative
'kx0r963',unlimited visible like theyre try lose customers,Negative
'kx0sc7d',reply understand correctly scenario either wife would change phone number order save definitely dont want,Negative
'kx0usdk',use immediately fee customers new home phone number telemarketers subscribe phone service several years ago briefly brand new phone number within first hours telemarketing call ask name promptly cancel would never consider get phone service,Negative
'kx0w12a',tech tech company plan bad,Negative
'kx10n1a',try things prior time google search apparently recur issue well plus old password work new network name yes double triple check keep happen also try delete app try end change back didnt seem help unplug work,Negative
'kx15rco',due rule profanity https work company extremely frustrate especially youve negative experience however ask users keep clean use appropriate language avoid profanity include abbreviate colorful censor type cap inflammatory remark inappropriate etc,Negative
'kx167a4',due rule profanity https work company extremely frustrate especially youve negative experience however ask users keep clean use appropriate language avoid profanity include abbreviate colorful censor type cap inflammatory remark inappropriate etc,Negative
'kx16mhz',speed slow pay top service bad,Negative
'kyapkqs',confirm tactic sales people use reach unrealistic quota goals,Negative
'kyay6n5',way decade become obvious do purpose mind game customer comcast long record use anti consumer practice dont put past make site frustrate use make people feed want pay bill get instead take time make sure arent rip scammed hide charge highly suspect site suddenly encounter issue whenever try inspect bill compare previous months happen many time never let comcast account auto pay know theyll take advantage complacency,Negative
'kyb1ewg',comment https remove rule profanity inappropriate language https understand work company frustrate especially youve negative experience however ask users please use appropriate language engage community include abbreviate otherwise colorfully censor profanity well feel comment remove error please contact moderators https always remember human https behind every username thank understand bot action perform automatically please contact moderators subreddit question concern,Negative
'kyb3tvp',morning im sorry hear youve decide cancel service us id happy review account see go wrong cancellation request order get start please send modmail message https,Negative
'kybebys',luck get account unlinked xfinity still stick loop unfortunately,Negative
'kybl7um',ive try im still get problem forget network password specify xfinity app chat support work log app show two devices log home network since march,Negative
'kyblblp',call xfinity say call center fraud,Negative
'kycchk2',hate say sound like xfinity ploy many things like happen recently renegotiate contract mods even keep tabs promise saw contract exactly discuss didnt go forward really help complaints take week reason attribute multiple people involve respond read mods note would incline take call anyone xfinity seem get far away customers need wish answer question seem like straight fraud maybe make report state consumer agency,Negative
'kycxbnv',like im wonder technician somehow didnt check right etc obviously know hes,Negative
'kycxndd',set appointment mention whether would escalate appointment schedule little crazy know plan permit etc cause long lead thing basically sound like contractor didnt properly without connectivity weeks well adapt able work sure thats go do yet escalate,Negative
'kyd20i6',similar problem rn seem like problem every ive use pass couple months atm unable process,Negative
'kyd3fnv',comcast business lowest tier speed cancel pay etf order residential,Negative
'kyd96bc',comment https remove rule profanity inappropriate language https understand work company frustrate especially youve negative experience however ask users please use appropriate language engage community include abbreviate otherwise colorfully censor profanity well feel comment remove error please contact moderators https always remember human https behind every username thank understand bot action perform automatically please contact moderators subreddit question concern,Negative
'kydljtl',send message havent hear anything,Negative
'kydn4of',didnt throttle connection likely service profile modem wrong update fix issue never assume malicious intent apathy ignorance likely explanation,Negative
'kydryi5',comment https remove rule profanity inappropriate language https understand work company frustrate especially youve negative experience however ask users please use appropriate language engage community include abbreviate otherwise colorfully censor profanity well feel comment remove error please contact moderators https always remember human https behind every username thank understand bot action perform automatically please contact moderators subreddit question concern,Negative
'kyds5r3',weird download stuff xfinity make mistake like people neighborhood use get bill data usage happen,Negative
'kydtgqp',get month forgive overages id check viruses devices sound like someone set illegal file share virus network somewhere,Negative
'kydznmv',ability game important go plan fail one single day would end seriously much hate cost increase monthly could miss even day,Negative
'kye02gp',feel hostage steal money every month,Negative
'kye16jt',still show problem,Negative
'kye3f1e',look problem isnt sign try load email keep loop wont open go long need somebody fix methods share work,Negative
'kye7re3',comcast doesnt bother fight shield customers random channel price tax increase get charge pass straight onto customers think ok long put small note bill ridiculous lot us sadly choice,Negative
'kyelhwu',poor choice word part look depth clarity vague subject new decree,Negative
'kyfilva',shield youd think dont hear people complain increase,Negative
'kyfkefx',really cheap low income people xfinity essentials poor folks unfortunately get leave behind fcc speed requirement,Negative
'kyfvbyl',need file ftc complaint illegal discriminate equipment personal own equipment,Negative
'kygenab',quest vr headset one seem download system game update overnight fail keep download update find morning know quest google wifi could see per device data usage pinpoint device cause issue also epic game steam console game etc suddenly eat ton data quickly good luck might switch unlimited soon,Negative
'kygffaz',splitters inside home swap new ones go bad affect performance,Negative
'kygikou',promo contract end get full price plan charge also lose protection comcast randomly change cost road sure mod delete comment cause like anyone actually tell truth,Negative
'kygyz0c',time consider internet stream cable tv service one things also hate cable tv amount fee tack keep inch price almost every year yeah cut cable cord quite time ago many folks know use stream service variety choose full blow package like youtube tv smaller package like sling different reps price quote go internet service promo plan mbps internet end summer jump thru game soon expect get deal expect price increase want keep cost ok step mbps speed reasonable cost otherwise verizon home internet options,Negative
'kyhfwan',call inflation everything expensive,Negative
'kyhwsji',use pc google chrome widnows log email loop glitches doesnt happen pc happen phone brothers phone aswell heck even travel abroad still work something specifically wrong email issue xfinitys end please go account fix email thank,Negative
'kyi66ob',say roku box dont turn computer run could update even video game system update new xfinity box suck,Negative
'kyikh3m',nope month wouldnt even benefit much rarely ever see full current plan,Negative
'kyireo9',tell take box back cancel tv,Negative
'kyj7wgn',similat issue google fi unlock pixel byod imei checker say compatible also support even escalate support days issue stupid reason unlock pixels whitelisted whatever database exist xfinity check device network apparently database carriers use cant pass imei check try put xfinity sim card wont get service carrier find work us mobile physical sim card use fake imei sign sound like youre may boat theres nothing one get device whitelisted ability return amazon asap buy another one immediately check byod imei checker see use really edge case definitely affect pixels mine im hop trade point cant really sell fully unlock good luck,Negative
'kyjqulu',anti trust violation,Negative
'kyk4eir',year different couldnt get promo leave comcast years,Negative
'kyk5tjk',cant sign error message keep return initial homepage screen,Negative
'kykb4v5',try everything mention access authorize message try sign app sure problem start didnt try sign quite,Negative
'kykfkha',think march would square away end cancel hbo xfinity call put end date day think would help days later contact hbo say nothing since account online show bill xfinity surprise surprise im check xfinity still come biller difference us though bill cycle doesnt end three days poor experience continue insist either xfinity hbo take screenshots account go start new account new email meticulously put back profile moocher account use watch curb cant believe work patience didnt pay sorry go start new account instead watch curb series finale,Negative
'kykg8d7',thank confirm sorry last question cause confusion trouble devices attempt log isolate device,Negative
'kykhv4n',help problem device,Negative
'kykic84',modem cost cost repeat overages need use modem technical reason,Negative
'kyklg2e',report back get old,Negative
'kykv826',yet upload still download lame,Negative
'kylcaug',hate pay bill download app pay site always break hard find bill section,Negative
'kylrdxj',pay month wifi im always download game must like new england way would pay limit wifi monthly sound criminal illegal,Negative
'kym1f2v',ridiculous switch astound rcn,Negative
'kym3fr4',want cancel sign right back worry work husband want interrupt service nothing,Negative
