MsgID,MsgBody,roberta_sentiment
'kxhn6lr',end conversation either port number elsewhere let lapse b port entire account edge bounce good difficult plan really cheap though moment stay mvnos get mighty cheap though,Positive
'kxhn6lr',end conversation either port number elsewhere let lapse b port entire account edge bounce good difficult plan really cheap though moment stay mvnos get mighty cheap though,Positive
'kxhnvi3',rep ios version nothing carrier fine update,Positive
'kxhnvi3',rep ios version nothing carrier fine update,Positive
'kxhnxb1',funniest thing read long time,Positive
'kxhnxb1',funniest thing read long time,Positive
'kxhq2fj',read carrier reddits like better lol,Positive
'kxhq2fj',read carrier reddits like better lol,Positive
'kxhq39q',att pay good,Positive
'kxhq39q',att pay good,Positive
'kxhsezb',great hear contact see happen thank,Positive
'kxhsezb',great hear contact see happen thank,Positive
'kxhshb9',agents incentivized keep get spiff track active reason keep reflect positively kpis soulless work kelvin,Positive
'kxhshb9',agents incentivized keep get spiff track active reason keep reflect positively kpis soulless work kelvin,Positive
'kxhshlg',sound good hear thank tell,Positive
'kxhshlg',sound good hear thank tell,Positive
'kxhtyzm',yea right remember upvoting post thank reminder,Positive
'kxhtyzm',yea right remember upvoting post thank reminder,Positive
'kxhubkl',welcome,Positive
'kxhubkl',welcome,Positive
'kxhw2yb',would love,Positive
'kxhw2yb',would love,Positive
'kxhya8m',thank much,Positive
'kxhya8m',thank much,Positive
'kxi3lgi',durant similar word use incessant attempt let cancel overseas sure get good chuckle kelvin durant clever name,Positive
'kxi3lgi',durant similar word use incessant attempt let cancel overseas sure get good chuckle kelvin durant clever name,Positive
'kxi3tbw',brutal experience cell phone company thank god store near us angel work help,Positive
'kxi3tbw',brutal experience cell phone company thank god store near us angel work help,Positive
'kxi95nv',love reference lmao,Positive
'kxi95nv',love reference lmao,Positive
'kximgom',polite nice would ask supervisor time,Positive
'kximgom',polite nice would ask supervisor time,Positive
'kximkzd',media customer service always phenomenal issue become public make sure resolve,Positive
'kximkzd',media customer service always phenomenal issue become public make sure resolve,Positive
'kxis293',fiber fastest speed offer faster internet speed depend many devices connect use devices,Positive
'kxis293',fiber fastest speed offer faster internet speed depend many devices connect use devices,Positive
'kxk90et',sound pleasant job,Positive
'kxk90et',sound pleasant job,Positive
'kxka27u',stuff help port remain line really helpful get lot credit deal whole process like hours since att need verify,Positive
'kxka27u',stuff help port remain line really helpful get lot credit deal whole process like hours since att need verify,Positive
'kxkbac4',definitely want cancellation count towards guy day,Positive
'kxkbac4',definitely want cancellation count towards guy day,Positive
'kxkefm4',must area switch att mint great,Positive
'kxkefm4',must area switch att mint great,Positive
'kxkv6gq',cool thats whats think,Positive
'kxkv6gq',cool thats whats think,Positive
'kxl2yxp',trade every years get great deal,Positive
'kxl2yxp',trade every years get great deal,Positive
'kxl83rb',conflict experience experience employees go store wireless account great however call mom almost every month since october cancel home internet tv service house since switch xfinity,Positive
'kxl83rb',conflict experience experience employees go store wireless account great however call mom almost every month since october cancel home internet tv service house since switch xfinity,Positive
'kxlc3bx',google voice use abroad text receive voicemails even make voip call also talk awesome,Positive
'kxlc3bx',google voice use abroad text receive voicemails even make voip call also talk awesome,Positive
'kxlejjb',love,Positive
'kxlejjb',love,Positive
'kxlg9ir',look use durantula well play sir,Positive
'kxlg9ir',look use durantula well play sir,Positive
'kxlompp',new job make work boost mobile damn good salesman years build clientele find new job pay commission every sale,Positive
'kxlompp',new job make work boost mobile damn good salesman years build clientele find new job pay commission every sale,Positive
'kxlqi4q',another country phone unlock good,Positive
'kxlqi4q',another country phone unlock good,Positive
'kxlv0o7',youre hero,Positive
'kxlv0o7',youre hero,Positive
'kxlz73q',ill definitely compare thank,Positive
'kxlz73q',ill definitely compare thank,Positive
'kxmgbfu',best thing call loyalty directly,Positive
'kxmgbfu',best thing call loyalty directly,Positive
'kxmi11z',go back try verizon wireless first switch get much better cell service save incredible nearly cut bill half,Positive
'kxmi11z',go back try verizon wireless first switch get much better cell service save incredible nearly cut bill half,Positive
'kxmksop',hope find us worthy,Positive
'kxmksop',hope find us worthy,Positive
'kxmp19w',u lucky,Positive
'kxmp19w',u lucky,Positive
'kxmtrra',seem lot easier get backdate plan bill get issue,Positive
'kxmtrra',seem lot easier get backdate plan bill get issue,Positive
'kyjq3k2',bash bro comment lol funniest part ur right ur criticism,Positive
'kyjtdzs',cheapest data cap roam https much use travel back forth west virginia id drop couldnt use phone data days get back home state verizon expensive feel nickel dime consistent better coverage better price international great like day go bahamas mexico,Positive
'kyjth66',available coverage always fastest far consistent reliable,Positive
'kyju29u',use time best buy really good discount iphones years since do discount,Positive
'kyjvc6q',offer air fiber available good area wise offer,Positive
'kyk0jdi',price range good speed coverage best international roam options overly generous wifi call include able use abroad promotions discount use work know way around get need want account include speak often guide reps dont clue fix issue account,Positive
'kyk3cn8',wireless industry years literally feel like sell soul finally work way hard,Positive
'kyk5plb',back better baby lmao,Positive
'kyk822m',behaviors fine job go anywhere,Positive
'kykelk3',wont classify port itll account type change yeah possible line need free clear balance believe need get capable cs representative lol business line super solid last years way easier manage verizon,Positive
'kykfp6c',dallas two weeks hows att verizon good add esim att iphone lol,Positive
'kykgdaa',pretty good except arlington near park mall uta expect slower speed since skip tower still heavily rely dual connect screw upload speed badly terrible grand prairie near west town cross tower space atrocious also case frisco near stonebriar small cells barely pull mbps park lot showier tower density dallas proper sit upgrade around sit dfw market dod panel instal addition regular panel setup heavily densifying dfw market upgrade das dfw airport since das band terminal good speed mbps since terminal c slow less mbps due old indoor das metroplex every tower verizon good tower grid part problems frisco near new neighborhoods near panther creek legacy drive,Positive
'kykts2h',work corporate store recommend go either best buy authorize retail store best way go without huge hassle online myatt app,Positive
'kykwxu4',best advice,Positive
'kykyag3',work apple epp discount personal line leave apple close switch carrier find health issue nervous lose number irrational fear switch service time miss time critical notifications stick despite price hike usage absolutely worth pay monthly even factor hbo hardly use service great super reliable basically decade purely financial decision look elsewhere,Positive
'kyl2x8i',line new phone pixel pro iphone iphone pro max month unlimited elite im att,Positive
'kylt3iu',andrewb utter shock definitely felt thank take time comment send message suggest,Positive
'kylxw7d',way bigger better carriers,Positive
'kylytfr',read yes web prowess easiest fairly straight forward,Positive
'kymf6u5',balance continue grow positive balance bill bill say actual balance,Positive
'kympyif',one highest profit margin company,Positive
'kyn2hq6',superior new england many new england state rout spotty verizon coverage nh rt vt rt etc,Positive
'kynj1l0',get carrier work great us live since weve issue theyve always resolve otherwise service great dont internet options use phone hotspots everything never experience slow data regardless much internet use use per month due fact older cheaper unlimited plan top discount get first responders dont see point leave overall price service great,Positive
'kynn2ac',discount fiber service pay service really better recently leave half day outage data breach helium mobile visible im pay less get coverage two network,Positive
'kynrzn0',right people would probably better business account look price cost like switch business premium plan line qci hotspot huge definitely consider,Positive
'kyntdnn',ok thank,Positive
'kyo4we5',ar currently prime new pay structure great awful lol,Positive
'kyo8je4',great relieve hear problem resolve question please free write back us wed happy help thank david k,Positive
'kyo9czo',laws customers since loyal general similar value verizon better price,Positive
'kyoawcr',thats funny pics cat dog dont forget picture food shop items,Positive
'kyofoxd',really like stream without need vpn although really big deal turn vpn,Positive
'kyp4ycp',value plus vl plan require soft credit check postpaid without promotions allow full phone finance nice thing cheap plan want promotion new device upgrade unlimited starter plan,Positive
'kyp53e0',think prepay unlimited plan would better also hotspot credit check,Positive
'kyp595s',buy phone unlock full need device finance prepay would best want phone finance options good price value plus depend finance devices assume since would ok prepay would go prepay unlimited plan figure want move prepay four years postpaid service providers recently switch buffer figure wan na,Positive
'kyp65ir',couple weeks work inside store customers take advantage promotions trade promotions like example iphone plus promo able take advantage value plus,Positive
'kyp6bu0',say deal still get link read information sign march recently month upon check plan allow correct promotions say need minimum unlimited plan mean value plus qualify thank much tell iphone pro right need upgrade know really want one deal everybody really nice really affect budget much,Positive
'kyp9vx5',tech support rep process need call transfer bill responsibility call tobr ways do either pah old account store together ids complete process online way easier way access myat app account thats name itll save much time hustle complete online log account initiate process online accept create new account take phone feature one go,Positive
