MsgID,MsgBody,roberta_sentiment
'kxhmjwr',line cancel would port remain number send att copy chat tell thats lose customer,Negative
'kxhmjwr',line cancel would port remain number send att copy chat tell thats lose customer,Negative
'kxhmjz3',certain watch tablet line cancel app time hit cancel button either redirect give error least area,Negative
'kxhmjz3',certain watch tablet line cancel app time hit cancel button either redirect give error least area,Negative
'kxhms5s',pay bill late scummy,Negative
'kxhms5s',pay bill late scummy,Negative
'kxhn2gb',say late fee fault say make people pay back credit mistake scummy,Negative
'kxhn2gb',say late fee fault say make people pay back credit mistake scummy,Negative
'kxhn6a7',say late bill att fault make people pay back credit mess scummy,Negative
'kxhn6a7',say late bill att fault make people pay back credit mess scummy,Negative
'kxhnjvs',blame wouldve threaten close whole account first minutes,Negative
'kxhnjvs',blame wouldve threaten close whole account first minutes,Negative
'kxho7zc',completely blame get mess understand want see anyone get situation,Negative
'kxho7zc',completely blame get mess understand want see anyone get situation,Negative
'kxhobm3',experience cancel spectrum att fiber dude try everything let cancel even far say give free cancel legit put hold see possible spend minutes say cancel service everything say painful,Negative
'kxhobm3',experience cancel spectrum att fiber dude try everything let cancel even far say give free cancel legit put hold see possible spend minutes say cancel service everything say painful,Negative
'kxhol5w',cancellation department ones cancel chat reps,Negative
'kxhol5w',cancellation department ones cancel chat reps,Negative
'kxhoq8j',check term think credit give company fuck customer pay back xfinity anytime fuck credit give never charge next bill make defeat whole purpose credit,Negative
'kxhoq8j',check term think credit give company fuck customer pay back xfinity anytime fuck credit give never charge next bill make defeat whole purpose credit,Negative
'kxhp5p3',another carrier att know horrible customer service slam tablets couple years ago,Negative
'kxhp5p3',another carrier att know horrible customer service slam tablets couple years ago,Negative
'kxhppn3',take screenshots worth almost hour still fail cancel,Negative
'kxhppn3',take screenshots worth almost hour still fail cancel,Negative
'kxhrvlb',would never read care,Negative
'kxhrvlb',would never read care,Negative
'kxhrwku',file complaint never hear back,Negative
'kxhrwku',file complaint never hear back,Negative
'kxhs1mw',wish attach screenshots save phone want post angry every time read,Negative
'kxhs1mw',wish attach screenshots save phone want post angry every time read,Negative
'kxhs43k',world harder elders sometimes sad,Negative
'kxhs43k',world harder elders sometimes sad,Negative
'kxhs9wn',thr app multiple time problem past years,Negative
'kxhs9wn',thr app multiple time problem past years,Negative
'kxhsslh',stupid hell hope low rat,Negative
'kxhsslh',stupid hell hope low rat,Negative
'kxht1wk',manage get line cancel,Negative
'kxht1wk',manage get line cancel,Negative
'kxht99z',mean retentions job avoid cancel line service matter retention vz remember ask customer twice say cancel get ding didnt follow script thats lay tho,Negative
'kxht99z',mean retentions job avoid cancel line service matter retention vz remember ask customer twice say cancel get ding didnt follow script thats lay tho,Negative
'kxhtmke',busy lose million customers data,Negative
'kxhtmke',busy lose million customers data,Negative
'kxhtpq3',would terrible idea run customer service center,Negative
'kxhtpq3',would terrible idea run customer service center,Negative
'kxhtv11',assume theyll send email notify cause havent receive anything,Negative
'kxhtv11',assume theyll send email notify cause havent receive anything,Negative
'kxhtvky',file complaint never hear back,Negative
'kxhtvky',file complaint never hear back,Negative
'kxhu8ej',would enough lose customer,Negative
'kxhu8ej',would enough lose customer,Negative
'kxhuhh7',hear terrible,Negative
'kxhuhh7',hear terrible,Negative
'kxhuzbn',people receive credit dont understand arent penalize pay credit back doesnt appear next months bill,Negative
'kxhuzbn',people receive credit dont understand arent penalize pay credit back doesnt appear next months bill,Negative
'kxhv1t1',literally bill mean,Negative
'kxhv1t1',literally bill mean,Negative
'kxhw75t',lose,Negative
'kxhw75t',lose,Negative
'kxhwevg',score court miss layups cs damnit kd,Negative
'kxhwevg',score court miss layups cs damnit kd,Negative
'kxhxft7',user error know read bill bill increase dollars last months bill receive credit last month make less bill cluding late fee upset eat confuse,Negative
'kxhxft7',user error know read bill bill increase dollars last months bill receive credit last month make less bill cluding late fee upset eat confuse,Negative
'kxhxgi9',mean pretty much modern day aol fail media acquisitions,Negative
'kxhxgi9',mean pretty much modern day aol fail media acquisitions,Negative
'kxhz1iy',god let go viral screw att buttholes,Negative
'kxhz1iy',god let go viral screw att buttholes,Negative
'kxhzlq6',wasnt part union never join,Negative
'kxhzlq6',wasnt part union never join,Negative
'kxi0ipc',fault cs rep assist literally job get cancel get pay annoy doubt line cancel employee go coach different managers keep line,Negative
'kxi0ipc',fault cs rep assist literally job get cancel get pay annoy doubt line cancel employee go coach different managers keep line,Negative
'kxi12p9',isnt ascinine consider criminal harrassment able file criminal charge conduct like,Negative
'kxi12p9',isnt ascinine consider criminal harrassment able file criminal charge conduct like,Negative
'kxi1rxl',answer cant get access detail data data far att concern unless possibly specific info subpoena government agency arent go give info huge privacy risk info anywhere close accessible possibility att report amount data use sure guess possible also possible firestick wasnt actually play low resolution think use far data think say expect pay data unknown origin content destination say want isps track everything online able look easily sorry id rather privacy,Negative
'kxi1rxl',answer cant get access detail data data far att concern unless possibly specific info subpoena government agency arent go give info huge privacy risk info anywhere close accessible possibility att report amount data use sure guess possible also possible firestick wasnt actually play low resolution think use far data think say expect pay data unknown origin content destination say want isps track everything online able look easily sorry id rather privacy,Negative
'kxi2l3w',nah able get thr fast never hear back,Negative
'kxi2l3w',nah able get thr fast never hear back,Negative
'kxi2qeq',happen like last year consider post get angry every time go finally peace,Negative
'kxi2qeq',happen like last year consider post get angry every time go finally peace,Negative
'kxi2rls',mess,Negative
'kxi2rls',mess,Negative
'kxi3hs4',death grip phone number right make excruciatingly difficult unlock phone still struggle get switch dad plan mint mobile,Negative
'kxi3hs4',death grip phone number right make excruciatingly difficult unlock phone still struggle get switch dad plan mint mobile,Negative
'kxi3k6p',future reference corporate managers cancel line store matter tell things cancel corporate location directv fiber internet anything home phone line three things unfortunately do phone clarification cellular line watch line tablet line mifi hotspot line cancel corporate location say refuse code business conduct violation ask asset protection phone number,Negative
'kxi3k6p',future reference corporate managers cancel line store matter tell things cancel corporate location directv fiber internet anything home phone line three things unfortunately do phone clarification cellular line watch line tablet line mifi hotspot line cancel corporate location say refuse code business conduct violation ask asset protection phone number,Negative
'kxi497w',fuck irs get hack lmao,Negative
'kxi497w',fuck irs get hack lmao,Negative
'kxi8a90',dont think bot work retailer years instruct save line never expect take extent either guy think would actually convince keep line try trigger lose temper abuse end chat cause cancellation wont number word guy clown,Negative
'kxi8a90',dont think bot work retailer years instruct save line never expect take extent either guy think would actually convince keep line try trigger lose temper abuse end chat cause cancellation wont number word guy clown,Negative
'kxi8h6j',problem,Negative
'kxi8h6j',problem,Negative
'kxi9ly2',actually like cancel every single line,Negative
'kxi9ly2',actually like cancel every single line,Negative
'kxi9zoa',harassment kevin durant lmao,Negative
'kxi9zoa',harassment kevin durant lmao,Negative
'kxiadr8',line plz god cancel cancel line kelvin scream,Negative
'kxiadr8',line plz god cancel cancel line kelvin scream,Negative
'kxig1t3',check cellmapper look like frequency issue ts fault problem support ts rollout especially true area dense uncapped plan data devices havent try verizon look spotty across board especially bk lenovo customers seem stick tech even latest model include ones announce yesterday finally case,Negative
'kxig1t3',check cellmapper look like frequency issue ts fault problem support ts rollout especially true area dense uncapped plan data devices havent try verizon look spotty across board especially bk lenovo customers seem stick tech even latest model include ones announce yesterday finally case,Negative
'kxiggi2',atts defense give options bad didnt extra hours hear especially one come keep line would send two baby goats goat per month raise,Negative
'kxiggi2',atts defense give options bad didnt extra hours hear especially one come keep line would send two baby goats goat per month raise,Negative
'kxih1ld',realize say kelvin name kelvindurant far best fake name ever hear customer service rep suck taint name like lol,Negative
'kxih1ld',realize say kelvin name kelvindurant far best fake name ever hear customer service rep suck taint name like lol,Negative
'kxiool0',glad doesnt ssn system wasnt able validate sign reason activate account use dummy ssn something like im allow finance devices dont want anyway,Negative
'kxiool0',glad doesnt ssn system wasnt able validate sign reason activate account use dummy ssn something like im allow finance devices dont want anyway,Negative
'kxirbjn',false,Negative
'kxirbjn',false,Negative
'kxishzf',sorry person pass away put line hold six months,Negative
'kxishzf',sorry person pass away put line hold six months,Negative
'kxiucr8',share months ago remember someone issue infuriate even us read someone else say transfer numberbarn waste time chat would couple well spend book,Negative
'kxiucr8',share months ago remember someone issue infuriate even us read someone else say transfer numberbarn waste time chat would couple well spend book,Negative
'kxk33q0',extra phone people always find weird two phone,Negative
'kxk33q0',extra phone people always find weird two phone,Negative
'kxk48m0',already data breach last year beyond,Negative
'kxk48m0',already data breach last year beyond,Negative
'kxk4xbn',spectrum cable service might even worse,Negative
'kxk4xbn',spectrum cable service might even worse,Negative
'kxk66zo',thrash get email say passcode reset log password passcode work change process email indicate digit passcode always use digits new passcode wonder havent reset passcode yet maybe credentials werent include get email anyway try get straight answer fugittaboutit dont understand dont support real mfa authenticator ditch nonsense youd think would priority give exposure phone jack complain many time message secure account laughable att probably explain someone file bogus tax return name ssn thank fun att,Negative
'kxk66zo',thrash get email say passcode reset log password passcode work change process email indicate digit passcode always use digits new passcode wonder havent reset passcode yet maybe credentials werent include get email anyway try get straight answer fugittaboutit dont understand dont support real mfa authenticator ditch nonsense youd think would priority give exposure phone jack complain many time message secure account laughable att probably explain someone file bogus tax return name ssn thank fun att,Negative
'kxkaone',felt like person want cancellation count toward lose battle mindset,Negative
'kxkaone',felt like person want cancellation count toward lose battle mindset,Negative
'kxkc16e',sad,Negative
'kxkc16e',sad,Negative
'kxkc9ri',extremely horrible little comical time sorry waste hr life kelvin op glad finally get take care sound like,Negative
'kxkc9ri',extremely horrible little comical time sorry waste hr life kelvin op glad finally get take care sound like,Negative
'kxkcd5p',youre think pro wasnt determine factor two big problems netgear battery life pro charge hours last hours charge hours last hours performance reddit fill anecdotal report abysmal reception users swap units end netgear try blame good feedback faster charge much energy efficient support difference qcom difference add band suppose use cellmapper doesnt even dropdown seem almost entirely didnt make sense sacrifice battery life prove performance let know take another look,Negative
'kxkcd5p',youre think pro wasnt determine factor two big problems netgear battery life pro charge hours last hours charge hours last hours performance reddit fill anecdotal report abysmal reception users swap units end netgear try blame good feedback faster charge much energy efficient support difference qcom difference add band suppose use cellmapper doesnt even dropdown seem almost entirely didnt make sense sacrifice battery life prove performance let know take another look,Negative
'kxkchsm',mistake year find post regard similar issue seem like strange little scam might go https,Negative
'kxkchsm',mistake year find post regard similar issue seem like strange little scam might go https,Negative
'kxkescn',terrible us,Negative
'kxkescn',terrible us,Negative
'kxkgs9z',issue pixel reset phone wipe data store twice switch sim esim first visit second visit refresh network end end still miss call texts frustrate wife also pixel experience flood texts day time hour apart happen buddy iphone complain thing,Negative
'kxkgs9z',issue pixel reset phone wipe data store twice switch sim esim first visit second visit refresh network end end still miss call texts frustrate wife also pixel experience flood texts day time hour apart happen buddy iphone complain thing,Negative
'kxko197',get message say password compromise wish someone would steal umbrella pray,Negative
'kxko197',get message say password compromise wish someone would steal umbrella pray,Negative
'kxko6r9',screw really bad sugar land tx behind homeowners backyard since fiber line hang barely grass would always get destroy lawn mower even inch,Negative
'kxko6r9',screw really bad sugar land tx behind homeowners backyard since fiber line hang barely grass would always get destroy lawn mower even inch,Negative
'kxkp56w',give problems california file complaint fcc screenshots,Negative
'kxkp56w',give problems california file complaint fcc screenshots,Negative
'kxks5wx',dont finance phone purchase right theres issue,Negative
'kxks5wx',dont finance phone purchase right theres issue,Negative
'kxjsy2r',obnoxious,Negative
'kxjsy2r',obnoxious,Negative
'kxjw0z5',waste electrons,Negative
'kxjw0z5',waste electrons,Negative
'kxjwrmg',would cancel service well behaviour like,Negative
'kxjwrmg',would cancel service well behaviour like,Negative
'kxjxspc',april fool day would perfect flood lot stupid call would good preparation next year id like see script similar begin kelvin die yesterday need cancel acccount might separate bots human automatons never encounter havent attempt sell something need solve problem service pretty damn annoy,Negative
'kxjxspc',april fool day would perfect flood lot stupid call would good preparation next year id like see script similar begin kelvin die yesterday need cancel acccount might separate bots human automatons never encounter havent attempt sell something need solve problem service pretty damn annoy,Negative
'kxl9gpn',company able sue blatant waste customer time direct refusal follow customer request damage record time waste ticket highest convert hourly wage pay company,Negative
'kxl9gpn',company able sue blatant waste customer time direct refusal follow customer request damage record time waste ticket highest convert hourly wage pay company,Negative
'kxlak75',talk go commit mass murder would without doubt start sorry sorry,Negative
'kxlak75',talk go commit mass murder would without doubt start sorry sorry,Negative
'kxlgf8f',read post would know cant work home need reliable internet either att internet interrupt every day shift oh pto dont work dont get pay,Negative
'kxlgf8f',read post would know cant work home need reliable internet either att internet interrupt every day shift oh pto dont work dont get pay,Negative
'kxloym2',look like gon na lose lot customers behind outage whatever term choose way leave customers limbo,Negative
'kxloym2',look like gon na lose lot customers behind outage whatever term choose way leave customers limbo,Negative
'kxls2wa',get bold reps stop people target even mid conversation try upsell change carriers years get sick,Negative
'kxls2wa',get bold reps stop people target even mid conversation try upsell change carriers years get sick,Negative
'kxlvoj3',think happen id cancel nonstop get frustrate,Negative
'kxlvoj3',think happen id cancel nonstop get frustrate,Negative
'kxlzc44',understand people quite literally tell teach give take xfinity notorious script disgust practice honestly,Negative
'kxlzc44',understand people quite literally tell teach give take xfinity notorious script disgust practice honestly,Negative
'kxlzel9',bad word wrong,Negative
'kxlzel9',bad word wrong,Negative
'kxm5sqc',sure know la resident last trip november la make realize still many dead zone many areas verizon would bar uw barely bar didnt use service run secondary roam sim im canadian signal bar view sentiments feel like somehow worst inside la city limit fine suburban areas like ventura county verizon much denser cellular network la extent socal,Negative
'kxm5sqc',sure know la resident last trip november la make realize still many dead zone many areas verizon would bar uw barely bar didnt use service run secondary roam sim im canadian signal bar view sentiments feel like somehow worst inside la city limit fine suburban areas like ventura county verizon much denser cellular network la extent socal,Negative
'kxm5tyz',time call loyalty department guy cancel line minutes poor dude sales channel,Negative
'kxm5tyz',time call loyalty department guy cancel line minutes poor dude sales channel,Negative
'kxm99br',uc oversubscribed unreliable seattle may go barely people concert moore theatre downtown absolutely nothing load data entire concert uc know lot seattle people use due presence hq bellevue honest trial full priority verizon least work slow lte uc slightly faster verizon uw hotel near convention centre though sadly experience since socal always unreliable fail oddest place coverage place like hospitals service verizon uw good throughout downtown seattle capitol hill seatac airport oddly enough lot areas find odd verizon would deploy airport areas due voluntary ban time unfortunately didnt use seattle verizon rank seattle accord rootmetrics report https https,Negative
'kxm99br',uc oversubscribed unreliable seattle may go barely people concert moore theatre downtown absolutely nothing load data entire concert uc know lot seattle people use due presence hq bellevue honest trial full priority verizon least work slow lte uc slightly faster verizon uw hotel near convention centre though sadly experience since socal always unreliable fail oddest place coverage place like hospitals service verizon uw good throughout downtown seattle capitol hill seatac airport oddly enough lot areas find odd verizon would deploy airport areas due voluntary ban time unfortunately didnt use seattle verizon rank seattle accord rootmetrics report https https,Negative
'kxmcv1q',kelvin cancel fuckin line wut suspense kill dude npc,Negative
'kxmcv1q',kelvin cancel fuckin line wut suspense kill dude npc,Negative
'kxmfaqt',mustve suck havent great customer service experience might well dump cancel line story back go store couple reason remove phone line person store say call want know wouldnt mom say couldnt deal support long story short rep phone hours get line cancel hope new carrier work well,Negative
'kxmfaqt',mustve suck havent great customer service experience might well dump cancel line story back go store couple reason remove phone line person store say call want know wouldnt mom say couldnt deal support long story short rep phone hours get line cancel hope new carrier work well,Negative
'kxmftq9',annoy claim understand fact doesnt,Negative
'kxmftq9',annoy claim understand fact doesnt,Negative
'kxmgqej',switch mint years ago experience could hardly make receive call outside wifi phoenix area,Negative
'kxmgqej',switch mint years ago experience could hardly make receive call outside wifi phoenix area,Negative
'kxmirma',reddit ads crazy,Negative
'kxmirma',reddit ads crazy,Negative
'kxmk4k0',really use mfa phone technically possible bad choice,Negative
'kxmk4k0',really use mfa phone technically possible bad choice,Negative
'kxml8ov',might honestly cant remember like years remember pay two payments paychecks g close check werent big time,Negative
'kxml8ov',might honestly cant remember like years remember pay two payments paychecks g close check werent big time,Negative
'kxmmww8',new reddit rollout suck lol ill check site tomorrow good luck oh far know need install ont box could outside inside,Negative
'kxmmww8',new reddit rollout suck lol ill check site tomorrow good luck oh far know need install ont box could outside inside,Negative
'kxmr08q',data leak im social security,Negative
'kxmr08q',data leak im social security,Negative
'kxmtajx',look like customer service loyalty departments get worse small feat,Negative
'kxmtajx',look like customer service loyalty departments get worse small feat,Negative
'kxmti7a',sometimes call get ridiculous rat cut,Negative
'kxmti7a',sometimes call get ridiculous rat cut,Negative
'kxmwdku',would start cuss repeat multiple time hour would hang start someone else,Negative
'kxmwdku',would start cuss repeat multiple time hour would hang start someone else,Negative
'kxmwi6c',right misread post,Negative
'kxmwi6c',right misread post,Negative
'kxmxeps',get paper weight wont unlock dont buy private party reason fcc wont help purchase amount steal phone,Negative
'kxmxeps',get paper weight wont unlock dont buy private party reason fcc wont help purchase amount steal phone,Negative
'kxmz4up',really need ask imei stuff buy someone buy phone cancel service never pay bill assume happen,Negative
'kxmz4up',really need ask imei stuff buy someone buy phone cancel service never pay bill assume happen,Negative
'kyjqxw0',hate ex reps come post ama answer mostly wrong,Negative
'kyjs189',think may gimp lte locations like roll lte signal get noticeably worse area,Negative
'kyjspcf',pay iphone plus full first time buy get sign contract want switch prepay plan days tell eligible use phone prepay true wan na suck money,Negative
'kyjtdwg',love people stand lack competent leaders company also definitely try stiff employees especially retail side commission pay payroll pto issue take pto last year get call halfway vacation say error calculate pto allowance backend actually enough pto pay time frustrate,Negative
'kyjuwc5',manager good awful like business,Negative
'kyjxkug',always complete waste money,Negative
'kyk5onq',coverage area verizon get bundle discount fiber get rate plan promo employer leave years let get twice make scammer give pin change buy fake excuse sob story,Negative
'kyk6164',think suspicious consider write number tell call text question anything never respond back,Negative
'kyk6aga',wifi likely wifi problem access point wire like access point wireless access point wireless access point redo signal receive bad repeat bad signal,Negative
'kyk6wgg',really hope thats untrue bad sprint store close go ask ive call customer service indian call center stressful talk accent thick im barely hang try understand say,Negative
'kyk8jn0',quit dude,Negative
'kyk94sf',bunch morons even remotely think sell ethically complete miss education portion business,Negative
'kyk9yft',also fkn annoy guy tell customers fix screw guy work ways,Negative
'kykcge1',thing suck life fr wish best luck whatever choose next,Negative
'kykdzdc',still service issue wonder lucky time tell,Negative
'kyktiod',market bullcrap actual standardize thing phone use signal dont worry icon,Negative
'kykueyo',info completely miss part say wire home internet mom im guess cant qualify ill call see say thank,Negative
'kykx2mi',legally account cancel line account want,Negative
'kykyo9t',cause escalate management fire,Negative
'kylxv35',worry million subscribers,Negative
'kyly9xr',lot room errors things online phone go store remove add ons app want,Negative
'kym0m5c',upgrade early always waste dont make enough significant change year year next basically hand att free money every year cant get trade discount decide trade exactly month mark whatever time throw money away trap,Negative
'kym0qqa',return phone via mail nightmare,Negative
'kym27pp',upgrade definitely waste,Negative
'kym4vyz',pay change per line total line phone charge bad love price,Negative
'kym71te',trap opt easily app hate new phone get least stick years call trap foolish carriers offer sort early upgrade,Negative
'kym7da9',better comcast anyone else even screw promise reward gift card go gig still weak signal story sq ft home,Negative
'kym7ofm',agree easy use likely get applications deny online fraud call center reps shady af go store get better around experience issue arise fix add ons get put plan want remove app,Negative
'kymf6lu',morons dont belong area converge state bring communication systems,Negative
'kymfhav',ar rep tobr man unicorn lol ar always send problems cor course ar get new line new ban leave us clean dirty work refresh see ar step plate,Negative
'kymhwew',dont understand youre ask tell theyd bill month last months mistake theyve charge bill pay days ago bill already pay reason get charge twice every single month bill,Negative
'kymimpx',last month bill due charge call att argue say theyd refund money didnt get though bank dispute charge future bill would due month pay bill charge today autopsy last months fuckup say wasnt available month something,Negative
'kymjybj',autopay fail try bill march pay myatt say payment due everythings good days later get charge honestly might need turn thats whats cause issue,Negative
'kymn0uq',ar reps get bad rap hand care customer service ar years,Negative
'kymomvr',dont get sure opt hell would love opt money refundable way shape form help pay phone money pocket literally throw away money youve already spend away,Negative
'kymyg3e',dont trust,Negative
'kyn5rea',detail braden escalate fraud team,Negative
'kynhu94',rural california far worse qci need many areas avoid timeout really need expedite new ericsson gear redding today population,Negative
'kynj5nu',really reps fault ar store depend ar would assume literally force add nextup insurance actually ar system wont even let us finish upgrade without nextup agree make clear must add remove later annoy ples literally say force nextup insurance force em,Negative
'kynjpqx',lte lte advance didnt qualify gsma standard label originally gsma,Negative
'kynjt7x',ar force nextup add even let us complete transaction avoid insurance get scold hell fire continue add agree would blame ars,Negative
'kynpije',would either contact apple b contact att bypass last social edit saw say id wont work,Negative
'kyntcz0',love know actual att customers problems get account compare scammers,Negative
'kyntkkz',see never deal actual customers,Negative
'kynurmc',hate autocorrect,Negative
'kyo42y6',live fake indicator prepay postpaid fake since steve job pay fool customers think early signal,Negative
'kyo6bd4',drop remove insurance customers account tank metrics get yell pretty much force push job get threaten,Negative
'kyo7gy4',say let plan national walk bro money make also yeah tax suck,Negative
'kyo7iol',problem buy new phone guy put installments line dont use stick pay line one phone customer service nightmare dont change im pay phone go verizon,Negative
'kyo8ml2',customers break phone phone function remorse period always say tell want protection true time remove app time stamp party cover,Negative
'kyo9evl',point spread lie,Negative
'kyoa7ob',disagree violation cobc add things account without customer approval sales representatives commission,Negative
'kyoaq4b',clown like upgrade every year even regular iphones show side side comparison show dumb classic line want give away money take,Negative
'kyobsyd',hat good leadership awful vocal well goto end earth good leader bad leadership deal long leave alone wear miss cash register two months never stock change begin day make look incompetent lack credibility even get change right,Negative
'kyocdvj',disagree want literally force add,Negative
'kyoe1x1',cobc violation add consent kind stick rock hard place customer call bitch add without consent,Negative
'kyofqw1',bad,Negative
'kyojs8s',definitely mess situation hopefully get figure,Negative
'kyooc3v',email cause scammers december ruin us,Negative
'kyotvpa',dont like keep obsolete damage devices icloud account good luck,Negative
'kyox8v2',letter today say information steal close apologize happen commit keep account secure late dont apologize protect data sorry outrage,Negative
'kyp0kwe',luck pal port phone cancel tablet two watch absolutely moronic policy want swap new ipad spend hour phone transfer time different departments end tell transfer loyalty could cancel service way without send stupid pin ask drive three hours store consider could simply cancel line activate new ipad new line service without pin nonsense course would lose number would get another go show idiotic process protect nothing apple activation already better job run morons days people know actually go retire lay past decade favor switch carriers provide best wireless service live switch virtual operator use network charge half price reason pay customer service barely exist poorly train farm overseas dollars hour,Negative
'kyp43as',still issue tell know issue dont resolution date fix also ultra resolution protech call back every days months send picture anyone rcs send group chat cause lot issue rely textingfor day day operations,Negative
'kyp59b3',saddest unbelievable comment see,Negative
'kyp6oq9',havent att since least wasnt marry time yet somehow current email address att never provide current address theyve never provide somehow mine wifes cell number weve also never provide att along ssn fun time,Negative
'kyp7web',coworkers relative live near say att service suck switch either verizon tmobile test better experience,Negative
'kypajrt',bite long read airalo data cant send message number,Negative
