MsgID,MsgBody,roberta_sentiment
'kxhl2s3',whole convo hour one,Neutral
'kxhl2s3',whole convo hour one,Neutral
'kxhmii7',contact tech support troubleshoot phone also try change sim phone,Neutral
'kxhmii7',contact tech support troubleshoot phone also try change sim phone,Neutral
'kxhmiw2',corporate employee tell worth say pro max plus ofc,Neutral
'kxhmiw2',corporate employee tell worth say pro max plus ofc,Neutral
'kxhmrc2',wish werent picky break galaxy trade phone get send recycle center right one would ever use phone,Neutral
'kxhmrc2',wish werent picky break galaxy trade phone get send recycle center right one would ever use phone,Neutral
'kxhmwss',miss one day usually pay time see get late fee waiver,Neutral
'kxhmwss',miss one day usually pay time see get late fee waiver,Neutral
'kxhmysy',go website sys employee say,Neutral
'kxhmysy',go website sys employee say,Neutral
'kxhn275',kinda funny guess im gon na switch verizon,Neutral
'kxhn275',kinda funny guess im gon na switch verizon,Neutral
'kxhn8ji',know,Neutral
'kxhn8ji',know,Neutral
'kxhncp5',use find autofill suggestions work websites free options well like proton pass one would avoid lastpass,Neutral
'kxhncp5',use find autofill suggestions work websites free options well like proton pass one would avoid lastpass,Neutral
'kxhoa71',check term credit idk credit mean usually term require payment time etc set autopay,Neutral
'kxhoa71',check term credit idk credit mean usually term require payment time etc set autopay,Neutral
'kxhopzc',second time would think person would go ahead,Neutral
'kxhopzc',second time would think person would go ahead,Neutral
'kxhoyly',account another carrier name port line bring phone devices worry pay access current att portal moms account port pin would need port number,Neutral
'kxhoyly',account another carrier name port line bring phone devices worry pay access current att portal moms account port pin would need port number,Neutral
'kxhp3p5',need unlock try port ipad via say need unlock ipad allow app due owe money still,Neutral
'kxhp3p5',need unlock try port ipad via say need unlock ipad allow app due owe money still,Neutral
'kxhp49c',like mobile att since get cell phone long ass time enough move month look switch stick decide verizon also patient person chat would end differently,Neutral
'kxhp49c',like mobile att since get cell phone long ass time enough move month look switch stick decide verizon also patient person chat would end differently,Neutral
'kxhpg1a',likely issue face ts end call say advance tech support tell issue tell reset provision account fix mms problem possibly also idk,Neutral
'kxhpg1a',likely issue face ts end call say advance tech support tell issue tell reset provision account fix mms problem possibly also idk,Neutral
'kxhpi3b',right att carriers example verizon days want keep phone guess need keep pay moms account try add authorize user att portal,Neutral
'kxhpi3b',right att carriers example verizon days want keep phone guess need keep pay moms account try add authorize user att portal,Neutral
'kxhpl35',tell would pay credit back courtesy credit do deal,Neutral
'kxhpl35',tell would pay credit back courtesy credit do deal,Neutral
'kxhpooj',bill look notice higher,Neutral
'kxhpooj',bill look notice higher,Neutral
'kxhpqs2',like others better ever read carrier reddits lol,Neutral
'kxhpqs2',like others better ever read carrier reddits lol,Neutral
'kxhqhr2',work call center job train avoid scenarios like fact train us bother customer keep account open baffle,Neutral
'kxhqhr2',work call center job train avoid scenarios like fact train us bother customer keep account open baffle,Neutral
'kxhqlha',saw update include devices increase ts internal system,Neutral
'kxhqlha',saw update include devices increase ts internal system,Neutral
'kxhqo53',bot,Neutral
'kxhqo53',bot,Neutral
'kxhqq4a',double check understand u right bill credit phone worth maybe employee think mean cash value bill credit know,Neutral
'kxhqq4a',double check understand u right bill credit phone worth maybe employee think mean cash value bill credit know,Neutral
'kxhr30w',burner account support specialist,Neutral
'kxhr30w',burner account support specialist,Neutral
'kxhrawe',kelvin lol man waisted much time read bs kelvin durant waisted know,Neutral
'kxhrawe',kelvin lol man waisted much time read bs kelvin durant waisted know,Neutral
'kxhrf31',make whole thing troll real conversation att,Neutral
'kxhrf31',make whole thing troll real conversation att,Neutral
'kxhrpcw',share att chat file like,Neutral
'kxhrpcw',share att chat file like,Neutral
'kxhrsnu',bring death cert corp store change account holders name want continue service,Neutral
'kxhrsnu',bring death cert corp store change account holders name want continue service,Neutral
'kxhrtne',far ok hear term guess pick battle thing,Neutral
'kxhrtne',far ok hear term guess pick battle thing,Neutral
'kxhrusm',durant work att sight mussel westbrook lamont green,Neutral
'kxhrusm',durant work att sight mussel westbrook lamont green,Neutral
'kxhruw8',tax fee exact amount depend zip code,Neutral
'kxhruw8',tax fee exact amount depend zip code,Neutral
'kxhrw8x',number number barn tell number barn let number go need talk anyone cost port number opinion worth deal representative thats ive always do never issue,Neutral
'kxhrw8x',number number barn tell number barn let number go need talk anyone cost port number opinion worth deal representative thats ive always do never issue,Neutral
'kxhs351',use current fee add amount line right,Neutral
'kxhs351',use current fee add amount line right,Neutral
'kxhs3hk',similar conversation att twice line cancel first mussel westbrook guy name vermont green,Neutral
'kxhs3hk',similar conversation att twice line cancel first mussel westbrook guy name vermont green,Neutral
'kxhs7gl',try ask call chat call meet day,Neutral
'kxhs7gl',try ask call chat call meet day,Neutral
'kxhs8r5',bud mean chick,Neutral
'kxhs8r5',bud mean chick,Neutral
'kxhsai5',chat,Neutral
'kxhsai5',chat,Neutral
'kxhsdut',idea original chat save would,Neutral
'kxhsdut',idea original chat save would,Neutral
'kxhshvs',look see info leak,Neutral
'kxhshvs',look see info leak,Neutral
'kxhsjzn',att need pay even day pay device want sell give another person att brick people would get new iphones pay jump att prepay phone would work still long still att strict eip,Neutral
'kxhsjzn',att need pay even day pay device want sell give another person att brick people would get new iphones pay jump att prepay phone would work still long still att strict eip,Neutral
'kxhsk8j',credit ones know promos devices start past due,Neutral
'kxhsk8j',credit ones know promos devices start past due,Neutral
'kxhsl2q',access keep every phone call make phone include facetime call every text ever send give access photos iphone top everything type search engines anything download file download iphone file att bunch cjkv unicode,Neutral
'kxhsl2q',access keep every phone call make phone include facetime call every text ever send give access photos iphone top everything type search engines anything download file download iphone file att bunch cjkv unicode,Neutral
'kxhsldb',person end last mins total attach rest since limit number photos add post,Neutral
'kxhsldb',person end last mins total attach rest since limit number photos add post,Neutral
'kxhsnok',sorry imma say want job like,Neutral
'kxhsnok',sorry imma say want job like,Neutral
'kxhsqz9',question notify credit card company,Neutral
'kxhsqz9',question notify credit card company,Neutral
'kxhsqzc',port remain afterwards,Neutral
'kxhsqzc',port remain afterwards,Neutral
'kxhszf0',tell garbage able translate,Neutral
'kxhszf0',tell garbage able translate,Neutral
'kxht01m',know check catch security breach get email alert mobile customer,Neutral
'kxht01m',know check catch security breach get email alert mobile customer,Neutral
'kxhtd5f',final long total,Neutral
'kxhtd5f',final long total,Neutral
'kxhtels',ipad ipads unlock certain year like new ipads carrier lock unlock regardless get phone lock pay contract,Neutral
'kxhtels',ipad ipads unlock certain year like new ipads carrier lock unlock regardless get phone lock pay contract,Neutral
'kxhteq4',see mbps mmwave downtown dallas tx outside discovery park https,Neutral
'kxhteq4',see mbps mmwave downtown dallas tx outside discovery park https,Neutral
'kxhthpb',ipads unlock regardless contract op either older ipad use lock new ones carrier lock,Neutral
'kxhthpb',ipads unlock regardless contract op either older ipad use lock new ones carrier lock,Neutral
'kxhtv9x',ipad air gen buy,Neutral
'kxhtv9x',ipad air gen buy,Neutral
'kxhtyqs',bet,Neutral
'kxhtyqs',bet,Neutral
'kxhuu7q',favorite rep carls barkley,Neutral
'kxhuu7q',favorite rep carls barkley,Neutral
'kxhv6pf',literally say without credit charge bill would late fee,Neutral
'kxhv6pf',literally say without credit charge bill would late fee,Neutral
'kxhvmhm',active armor alert https,Neutral
'kxhvmhm',active armor alert https,Neutral
'kxhvv6l',gen exact model mini,Neutral
'kxhvv6l',gen exact model mini,Neutral
'kxhvysc',regular model number,Neutral
'kxhvysc',regular model number,Neutral
'kxhw4dq',know every carrier law enforcement attorneys obtain call text record know someone contact certain number im aware hide file back windows phone thing use accidentally show instead hide dont remember call devices access anything else device leave year ago visible offer visible plan life better service less half price lol,Neutral
'kxhw4dq',know every carrier law enforcement attorneys obtain call text record know someone contact certain number im aware hide file back windows phone thing use accidentally show instead hide dont remember call devices access anything else device leave year ago visible offer visible plan life better service less half price lol,Neutral
'kxhw6h5',say normally pay per month receive credit save february make bill fast forward next months bill march youre bill normal amount increase last month already receive credit scenario lose credit make pay back save use however want february,Neutral
'kxhw6h5',say normally pay per month receive credit save february make bill fast forward next months bill march youre bill normal amount increase last month already receive credit scenario lose credit make pay back save use however want february,Neutral
'kxhw998',good side drink monkey throw dart map wall determine get fiber deep bowels parent neighborhood home exact problem surround neighborhoods vdsl comcast switch comcast,Neutral
'kxhw998',good side drink monkey throw dart map wall determine get fiber deep bowels parent neighborhood home exact problem surround neighborhoods vdsl comcast switch comcast,Neutral
'kxhwap1',kind advice lmfao,Neutral
'kxhwap1',kind advice lmfao,Neutral
'kxhwbdu',leave us hang op need see end,Neutral
'kxhwbdu',leave us hang op need see end,Neutral
'kxhwbjp',ipad air say lock,Neutral
'kxhwbjp',ipad air say lock,Neutral
'kxhwepq',verizon take iphone move tell verizon realize att crazy device lock,Neutral
'kxhwepq',verizon take iphone move tell verizon realize att crazy device lock,Neutral
'kxhwjkk',read post ask could continue pay phone name move another carrier help,Neutral
'kxhwjkk',read post ask could continue pay phone name move another carrier help,Neutral
'kxhwk3l',think,Neutral
'kxhwk3l',think,Neutral
'kxhwoao',go post screenshot data use report app show x chunk data hour watch content pics comment well get picture anyways,Neutral
'kxhwoao',go post screenshot data use report app show x chunk data hour watch content pics comment well get picture anyways,Neutral
'kxhwp44',little conspicuous use name like roger murdock,Neutral
'kxhwp44',little conspicuous use name like roger murdock,Neutral
'kxhwtpt',say lol carrier say,Neutral
'kxhwtpt',say lol carrier say,Neutral
'kxhwtrc',cancel line luck phone text last hour get change line wearable minutes phone line cancel issue,Neutral
'kxhwtrc',cancel line luck phone text last hour get change line wearable minutes phone line cancel issue,Neutral
'kxhwwik',problem live chat know change like,Neutral
'kxhwwik',problem live chat know change like,Neutral
'kxhwz6l',figure post another post,Neutral
'kxhwz6l',figure post another post,Neutral
'kxhx056',mention ipads lock need use physical sim slot esim ask carrier visibility physical sim slot lock use provider ask em send physical sim https,Neutral
'kxhx056',mention ipads lock need use physical sim slot esim ask carrier visibility physical sim slot lock use provider ask em send physical sim https,Neutral
'kxhx1bu',look suggestion go make one else think port number close account instantly best way terminate line didnt know number barn though good know future ive use google voice past,Neutral
'kxhx1bu',look suggestion go make one else think port number close account instantly best way terminate line didnt know number barn though good know future ive use google voice past,Neutral
'kxhx2cm',totally real person get ding cancel line today well least try yeah pretty straightforward ask ask question like phone try cancel line someone pass away,Neutral
'kxhx2cm',totally real person get ding cancel line today well least try yeah pretty straightforward ask ask question like phone try cancel line someone pass away,Neutral
'kxhx51e',instead get tmobile already provide work due lock ask supply physical sim make sure understand correctly,Neutral
'kxhx51e',instead get tmobile already provide work due lock ask supply physical sim make sure understand correctly,Neutral
'kxhx8hh',say gen get kinds gens lmao say model name next time easier carrier thing use right use physical sim carriers lock like say esim need turn carrier visibility https,Neutral
'kxhx8hh',say gen get kinds gens lmao say model name next time easier carrier thing use right use physical sim carriers lock like say esim need turn carrier visibility https,Neutral
'kxhx9w3',would att psycho device lock could take iphone verizon move never pay never issue account moms name pass away like att come,Neutral
'kxhx9w3',would att psycho device lock could take iphone verizon move never pay never issue account moms name pass away like att come,Neutral
'kxhxhkn',lock ipads use physical sim slot know point op want use esim turn carrier visbiljty esim physical sim unlock already latest ones even esim believe,Neutral
'kxhxhkn',lock ipads use physical sim slot know point op want use esim turn carrier visbiljty esim physical sim unlock already latest ones even esim believe,Neutral
'kxhxiyp',lol screen say say ipad air gen buy response first reply mention possibly older model sorry,Neutral
'kxhxiyp',lol screen say say ipad air gen buy response first reply mention possibly older model sorry,Neutral
'kxhxtwe',say lock ipad already unlock use physical sim wan na use esim give imei tell wan na use esim country carrier visibility see carriers esim model physical slot already unlock go tmobile store already light number ipad tell swap number physical sim give spot shop one would say go store one close,Neutral
'kxhxtwe',say lock ipad already unlock use physical sim wan na use esim give imei tell wan na use esim country carrier visibility see carriers esim model physical slot already unlock go tmobile store already light number ipad tell swap number physical sim give spot shop one would say go store one close,Neutral
'kxhyez0',union rep,Neutral
'kxhyez0',union rep,Neutral
'kxhyf42',go back store workaround installments delete rather easily,Neutral
'kxhyf42',go back store workaround installments delete rather easily,Neutral
'kxhyggh',line would cancel lol,Neutral
'kxhyggh',line would cancel lol,Neutral
'kxhyotm',rather wait lol probably contact credit bureaus lock stuff safe plan apply credit anytime soon,Neutral
'kxhyotm',rather wait lol probably contact credit bureaus lock stuff safe plan apply credit anytime soon,Neutral
'kxhzlvd',doubt care,Neutral
'kxhzlvd',doubt care,Neutral
'kxhzyty',really point call hr one stop hope best,Neutral
'kxhzyty',really point call hr one stop hope best,Neutral
'kxi182d',complaint take long cancel line smoother process lol like usually everything chat support prefer call,Neutral
'kxi182d',complaint take long cancel line smoother process lol like usually everything chat support prefer call,Neutral
'kxi1ieu',always go store,Neutral
'kxi1ieu',always go store,Neutral
'kxi1k1q',google voice option also id say want keep number theres charge port google voice expensive youre go get rid number,Neutral
'kxi1k1q',google voice option also id say want keep number theres charge port google voice expensive youre go get rid number,Neutral
'kxi1svj',arent important besides chex even bank use ews ews cant freeze,Neutral
'kxi1svj',arent important besides chex even bank use ews ews cant freeze,Neutral
'kxi1z1l',need update phone update help security feature things,Neutral
'kxi1z1l',need update phone update help security feature things,Neutral
'kxi2aqh',like skit snl lol sorry bot agent fire,Neutral
'kxi2aqh',like skit snl lol sorry bot agent fire,Neutral
'kxi2hbl',theory responses like can possibly,Neutral
'kxi2hbl',theory responses like can possibly,Neutral
'kxi2ttc',resolve,Neutral
'kxi2ttc',resolve,Neutral
'kxi2tz4',part https,Neutral
'kxi2tz4',part https,Neutral
'kxi3aau',luck cancel line,Neutral
'kxi3aau',luck cancel line,Neutral
'kxi3leg',cancel two switch xfinity mobile partner join together,Neutral
'kxi3leg',cancel two switch xfinity mobile partner join together,Neutral
'kxi48sm',get text message three weeks later say promotion credit resolve pretty sure apps tracker remain unchanged whole time credit apply,Neutral
'kxi48sm',get text message three weeks later say promotion credit resolve pretty sure apps tracker remain unchanged whole time credit apply,Neutral
'kxi4qzk',plan trade ultra pro max find chip frame tho gon na go store see say,Neutral
'kxi4qzk',plan trade ultra pro max find chip frame tho gon na go store see say,Neutral
'kxi5f48',save reach loyalty dept,Neutral
'kxi5f48',save reach loyalty dept,Neutral
'kxi5i0z',already say statement make say reset pin place credit freeze credit bureau report must https https,Neutral
'kxi5i0z',already say statement make say reset pin place credit freeze credit bureau report must https https,Neutral
'kxi5z6z',shall see gateway replacement way update thread,Neutral
'kxi5z6z',shall see gateway replacement way update thread,Neutral
'kxi7amc',experience human operators back blast every social platform thing find understand,Neutral
'kxi7amc',experience human operators back blast every social platform thing find understand,Neutral
'kxi7ynx',recommendation come check service area go whichever one better nowadays fight worst customer service best experience especially twitter support even downgrade late,Neutral
'kxi7ynx',recommendation come check service area go whichever one better nowadays fight worst customer service best experience especially twitter support even downgrade late,Neutral
'kxi83i0',literally say offer credit monitor effect respond part obvious response idk confuse lol,Neutral
'kxi83i0',literally say offer credit monitor effect respond part obvious response idk confuse lol,Neutral
'kxi8fm0',try push matter best temper duel,Neutral
'kxi8fm0',try push matter best temper duel,Neutral
'kxi8qd8',name famous basketball player kevin durant,Neutral
'kxi8qd8',name famous basketball player kevin durant,Neutral
'kxi8sbk',first connect name say kelvin b know pick screen name something space think probably pick,Neutral
'kxi8sbk',first connect name say kelvin b know pick screen name something space think probably pick,Neutral
'kxi96zt',international student sure lot ppl mention name probably go check,Neutral
'kxi96zt',international student sure lot ppl mention name probably go check,Neutral
'kxi9cvx',still much grace first time clearly state want cancel line play game would lose way,Neutral
'kxi9cvx',still much grace first time clearly state want cancel line play game would lose way,Neutral
'kxi9et1',take note years back bad experience go store near school person kinda make fun accent international student like go store prefer live chat cost,Neutral
'kxi9et1',take note years back bad experience go store near school person kinda make fun accent international student like go store prefer live chat cost,Neutral
'kxi9isu',culture case frontline employees secure cpni random employees use complex passwords large scale cybersecurity attack someone tool skill bypass layer company security illegally access data much want blame company certainly policies practice agree hard believe culture relate security like say bank heist able do even bank secure vault security place even company everything properly still people will gain access crack open would relate company culture,Neutral
'kxi9isu',culture case frontline employees secure cpni random employees use complex passwords large scale cybersecurity attack someone tool skill bypass layer company security illegally access data much want blame company certainly policies practice agree hard believe culture relate security like say bank heist able do even bank secure vault security place even company everything properly still people will gain access crack open would relate company culture,Neutral
'kxi9l3y',see thank afraid name gon na link conversation forever traumatize,Neutral
'kxi9l3y',see thank afraid name gon na link conversation forever traumatize,Neutral
'kxiajm2',use patience budget,Neutral
'kxiajm2',use patience budget,Neutral
'kxibauj',think even sim swap passwords stop people take phone number kind thing drive requirements come product management maybe stretch really hope secure systems company shameful sort thing put many people entire live stake,Neutral
'kxibauj',think even sim swap passwords stop people take phone number kind thing drive requirements come product management maybe stretch really hope secure systems company shameful sort thing put many people entire live stake,Neutral
'kxibfe9',cancel postpaid line exact runaround also experience tell line would cancel end cycle call repeatedly several months finally cancel instead simply port number cheap prepay service let expire do little hello mobile id rather pay deal headaches way pay partial month rather continue end cycle,Neutral
'kxibfe9',cancel postpaid line exact runaround also experience tell line would cancel end cycle call repeatedly several months finally cancel instead simply port number cheap prepay service let expire do little hello mobile id rather pay deal headaches way pay partial month rather continue end cycle,Neutral
'kxibvml',way translate unicode able read file,Neutral
'kxibvml',way translate unicode able read file,Neutral
'kxieqcr',funny friend use work call center spain say work lot indian immigrants one immigrants name kevin bacon apparently thing give western name take name celebrity,Neutral
'kxieqcr',funny friend use work call center spain say work lot indian immigrants one immigrants name kevin bacon apparently thing give western name take name celebrity,Neutral
'kxifc1j',understand frustration op try cancel line allow thing offer everything moon give least confirm things correct att employee make post days ago suspend line mos convert line watch line,Neutral
'kxifc1j',understand frustration op try cancel line allow thing offer everything moon give least confirm things correct att employee make post days ago suspend line mos convert line watch line,Neutral
'kxifock',size tv mean standard definition gb suspect standard definition still watchable,Neutral
'kxifock',size tv mean standard definition gb suspect standard definition still watchable,Neutral
'kxifsfy',idea like op say cancel chat,Neutral
'kxifsfy',idea like op say cancel chat,Neutral
'kxifu7e',device use sim lock without requirement case since sim card existence would stop someone sim swap specific example iphone https new typically customers care enough use type methods place blame elsewhere agree could place account level number lock port out security concern use work customers get number port number transfer pin require sim swap possible carrier regardless methods use unless digital verification require person id someone could go lengths create fake id gain access well completely infallible method even today someone could get phone reset password via text bypass mfa login online account port number less really want would say carrier specifically also think company care security individual case issue industry trend past company even use ntps number lock,Neutral
'kxifu7e',device use sim lock without requirement case since sim card existence would stop someone sim swap specific example iphone https new typically customers care enough use type methods place blame elsewhere agree could place account level number lock port out security concern use work customers get number port number transfer pin require sim swap possible carrier regardless methods use unless digital verification require person id someone could go lengths create fake id gain access well completely infallible method even today someone could get phone reset password via text bypass mfa login online account port number less really want would say carrier specifically also think company care security individual case issue industry trend past company even use ntps number lock,Neutral
'kxigufo',device must support doesnt pick franklin ebay see area proper support top around mbps,Neutral
'kxigufo',device must support doesnt pick franklin ebay see area proper support top around mbps,Neutral
'kxijq9x',name,Neutral
'kxijq9x',name,Neutral
'kxikl9x',verizon send final bill installments,Neutral
'kxikl9x',verizon send final bill installments,Neutral
'kxim1mn',gc sign fiber higher xtra gc pick soonest available install wireless service att get discount service well bundle,Neutral
'kxim1mn',gc sign fiber higher xtra gc pick soonest available install wireless service att get discount service well bundle,Neutral
'kximos2',throw extend warranty car free solar panel free big mac keep line,Neutral
'kximos2',throw extend warranty car free solar panel free big mac keep line,Neutral
'kxin2ug',believe end business customers cru,Neutral
'kxin2ug',believe end business customers cru,Neutral
'kxinfk0',payment typically first monthly installment plus tax fee full retail price,Neutral
'kxinfk0',payment typically first monthly installment plus tax fee full retail price,Neutral
'kxip1kn',try delete app reinstall,Neutral
'kxip1kn',try delete app reinstall,Neutral
'kxipnfx',reaper,Neutral
'kxipnfx',reaper,Neutral
'kxiq456',store run address sales force tell qualify air website accurate come determine qualify air,Neutral
'kxiq456',store run address sales force tell qualify air website accurate come determine qualify air,Neutral
'kxiq95t',business account announce air available business originally come consumers first every consumer qualify,Neutral
'kxiq95t',business account announce air available business originally come consumers first every consumer qualify,Neutral
'kxir2hl',suspend stop bill installments service go give credit use device upon activate device installments consumers agree take responsibility installments go pause let alone credit account,Neutral
'kxir2hl',suspend stop bill installments service go give credit use device upon activate device installments consumers agree take responsibility installments go pause let alone credit account,Neutral
'kxirrt1',unfortunately priority level determine get serve everybody else connect tower plan replace update priority level would change plan still exist new plan walmart higher priority prepay unlimited max plus plan price discount qci qci level explain march lower qci number better qci firstnet unltd business elite unltd qci consumer unltd qci consumer extra business performance prepay unlimited plus prepay unlimited max cricket unlimited unltd mvnos plan vary plan prepay plan vary plan wing alpha old plan qci consumer starter business starter prepay unlimited mvnos unlimited plan deprioritized plan wing alpha new plan business reseller old customers,Neutral
'kxirrt1',unfortunately priority level determine get serve everybody else connect tower plan replace update priority level would change plan still exist new plan walmart higher priority prepay unlimited max plus plan price discount qci qci level explain march lower qci number better qci firstnet unltd business elite unltd qci consumer unltd qci consumer extra business performance prepay unlimited plus prepay unlimited max cricket unlimited unltd mvnos plan vary plan prepay plan vary plan wing alpha old plan qci consumer starter business starter prepay unlimited mvnos unlimited plan deprioritized plan wing alpha new plan business reseller old customers,Neutral
'kxis9ev',husband account holder order use post office discount due fact documentation provide order get discount approve,Neutral
'kxis9ev',husband account holder order use post office discount due fact documentation provide order get discount approve,Neutral
'kxisocc',point id ask cancel whole account lol,Neutral
'kxisocc',point id ask cancel whole account lol,Neutral
'kxist6y',qualify unless paystub say get pay city school work hospital inclusive discount usually school qualify,Neutral
'kxist6y',qualify unless paystub say get pay city school work hospital inclusive discount usually school qualify,Neutral
'kxk3z6j',west texas oklahoma arkansas area get tool techs able recommend neighborhoods areas expand fiber catch tech try talk tool put order,Neutral
'kxk3z6j',west texas oklahoma arkansas area get tool techs able recommend neighborhoods areas expand fiber catch tech try talk tool put order,Neutral
'kxk48f7',ctigermom understand concern regard password passcode let clear things passcode numerical pin usually four digits use specific account add extra layer security forget passcode sign myat password select forget passcode follow directions change passcode please note passcode four character sequential number like passwords reduce risk cybercriminals guess password access sensitive data unique complex make difficult cybercriminals guess passwords encrypt mean protect unauthorized access let us know help thank brucem,Neutral
'kxk48f7',ctigermom understand concern regard password passcode let clear things passcode numerical pin usually four digits use specific account add extra layer security forget passcode sign myat password select forget passcode follow directions change passcode please note passcode four character sequential number like passwords reduce risk cybercriminals guess password access sensitive data unique complex make difficult cybercriminals guess passwords encrypt mean protect unauthorized access let us know help thank brucem,Neutral
'kxk4g4g',dont miss call center work painful work,Neutral
'kxk4g4g',dont miss call center work painful work,Neutral
'kxk4odl',use siriusxm hard time cancel cancel time later sign back use one year promos instead go back cancel game sign use virtual credit card close card voila eventually cut radio never talk anyone usually couple months send another year promo rinse repeat,Neutral
'kxk4odl',use siriusxm hard time cancel cancel time later sign back use one year promos instead go back cancel game sign use virtual credit card close card voila eventually cut radio never talk anyone usually couple months send another year promo rinse repeat,Neutral
'kxk67o5',us state,Neutral
'kxk67o5',us state,Neutral
'kxk7cnj',weird store one original pilot store air first arrive surprise area offer consumers state mind ask,Neutral
'kxk7cnj',weird store one original pilot store air first arrive surprise area offer consumers state mind ask,Neutral
'kxk7w1l',port back att treat never leave within days,Neutral
'kxk7w1l',port back att treat never leave within days,Neutral
'kxk7zfa',course let transfer right hello lebron name assist,Neutral
'kxk7zfa',course let transfer right hello lebron name assist,Neutral
'kxk81ns',cancel line online myat option surprise many people use,Neutral
'kxk81ns',cancel line online myat option surprise many people use,Neutral
'kxk822c',tip ga wonder techs tool,Neutral
'kxk822c',tip ga wonder techs tool,Neutral
'kxk82ra',number winback assist port,Neutral
'kxk82ra',number winback assist port,Neutral
'kxk89mg',verizon yes phone unlock unpaid bill send collections damage credit score att phone unlock installments pay best options op tobr transfer bill responsibility name keep everything account name,Neutral
'kxk89mg',verizon yes phone unlock unpaid bill send collections damage credit score att phone unlock installments pay best options op tobr transfer bill responsibility name keep everything account name,Neutral
'kxk8i97',verizon bill name really care,Neutral
'kxk8i97',verizon bill name really care,Neutral
'kxk8j6l',join first last efficient since need mess us,Neutral
'kxk8j6l',join first last efficient since need mess us,Neutral
'kxk8rg9',international student feel every second first years always joke learn english fight cs,Neutral
'kxk8rg9',international student feel every second first years always joke learn english fight cs,Neutral
'kxk8ygy',think pin,Neutral
'kxk8ygy',think pin,Neutral
'kxk9661',line lesson learn,Neutral
'kxk9661',line lesson learn,Neutral
'kxk9d2q',must change something chat use efficient,Neutral
'kxk9d2q',must change something chat use efficient,Neutral
'kxk9i5g',port line another carrier mos later,Neutral
'kxk9i5g',port line another carrier mos later,Neutral
'kxk9l0g',repeat denials anything theyre finally admit cool gon na get identity protection monitor us whos ssns float around dark web,Neutral
'kxk9l0g',repeat denials anything theyre finally admit cool gon na get identity protection monitor us whos ssns float around dark web,Neutral
'kxk9mga',remind convo xfinity,Neutral
'kxk9mga',remind convo xfinity,Neutral
'kxk9qct',refinement joke hahaha,Neutral
'kxk9qct',refinement joke hahaha,Neutral
'kxk9zq4',understand concern,Neutral
'kxk9zq4',understand concern,Neutral
'kxk9zz8',company dont repeatedly deny happen info float around,Neutral
'kxk9zz8',company dont repeatedly deny happen info float around,Neutral
'kxka07n',always call say question theyre require fcc get permission talk offer though one time didnt say offer free galaxy watch classic sub need anything,Neutral
'kxka07n',always call say question theyre require fcc get permission talk offer though one time didnt say offer free galaxy watch classic sub need anything,Neutral
'kxka9ur',comment say ask show death certificate tho,Neutral
'kxka9ur',comment say ask show death certificate tho,Neutral
'kxkam79',also set pin see thing say pin require pin still believe totp standard option mobile account least verizon show app act second factor authentication,Neutral
'kxkam79',also set pin see thing say pin require pin still believe totp standard option mobile account least verizon show app act second factor authentication,Neutral
'kxkaqz4',california,Neutral
'kxkaqz4',california,Neutral
'kxkasqy',others later,Neutral
'kxkasqy',others later,Neutral
'kxkay92',port line,Neutral
'kxkay92',port line,Neutral
'kxkb3kw',five minutes cancel line phone use chat agents lot time bots hope disconnect,Neutral
'kxkb3kw',five minutes cancel line phone use chat agents lot time bots hope disconnect,Neutral
'kxkbc3e',breach like year,Neutral
'kxkbc3e',breach like year,Neutral
'kxkbnat',store also still pay device,Neutral
'kxkbnat',store also still pay device,Neutral
'kxkbwhj',honest half hour really curious gon na end gon na win,Neutral
'kxkbwhj',honest half hour really curious gon na end gon na win,Neutral
'kxkcwlf',store locate upper peninsula michigan,Neutral
'kxkcwlf',store locate upper peninsula michigan,Neutral
'kxkd9h5',work even know do via b,Neutral
'kxkd9h5',work even know do via b,Neutral
'kxkflat',future call get number months think free try service since thats mint use sure itll different see cell reception thats decide make jump intro months decide year tire ish phone plan two phone every month save us ton,Neutral
'kxkflat',future call get number months think free try service since thats mint use sure itll different see cell reception thats decide make jump intro months decide year tire ish phone plan two phone every month save us ton,Neutral
'kxkgw9w',company allow store persons ssn,Neutral
'kxkgw9w',company allow store persons ssn,Neutral
'kxkk03q',port free mvnos point lol,Neutral
'kxkk03q',port free mvnos point lol,Neutral
'kxkng30',hang expose like remind att fiber cable instal residence lay grind easement get walk every weeks replace rather service call repair install anything correctly,Neutral
'kxkng30',hang expose like remind att fiber cable instal residence lay grind easement get walk every weeks replace rather service call repair install anything correctly,Neutral
'kxkra2q',deprioritized value qualify promotions run finance phone full price,Neutral
'kxkra2q',deprioritized value qualify promotions run finance phone full price,Neutral
'kxkrmbe',upgrade firstnet still work pay phone,Neutral
'kxkrmbe',upgrade firstnet still work pay phone,Neutral
'kxkro58',cant trust coverage map tmobile mint live small town map show excellent coverage throughout town reality coverage suck tmobile one tower entire town att four tower course excellent coverage two cents,Neutral
'kxkro58',cant trust coverage map tmobile mint live small town map show excellent coverage throughout town reality coverage suck tmobile one tower entire town att four tower course excellent coverage two cents,Neutral
'kxktv1n',think need sort mechanism place temporary virtual ss basically use credit approval loan etc,Neutral
'kxktv1n',think need sort mechanism place temporary virtual ss basically use credit approval loan etc,Neutral
'kxkui0v',happen,Neutral
'kxkui0v',happen,Neutral
'kxkujdz',still,Neutral
'kxkujdz',still,Neutral
'kxkw2hf',mine replace time,Neutral
'kxkw2hf',mine replace time,Neutral
'kxkx9e6',shoot score,Neutral
'kxkx9e6',shoot score,Neutral
'kxkxeru',reps get ding cancel line try convince user keep,Neutral
'kxkxeru',reps get ding cancel line try convince user keep,Neutral
'kxkylbh',crazy,Neutral
'kxkylbh',crazy,Neutral
'kxl0zy5',make sense gon na return full credit less would sell big discount thus could pay full price phone compatible carrier use one swappa guess att customer days,Neutral
'kxl0zy5',make sense gon na return full credit less would sell big discount thus could pay full price phone compatible carrier use one swappa guess att customer days,Neutral
'kxl18t5',work att ill never cancel chat call phone,Neutral
'kxl18t5',work att ill never cancel chat call phone,Neutral
'kxl283p',give,Neutral
'kxl283p',give,Neutral
'kxl2vym',discount per line fan discount get premium cost extra save per line may already one youre factor tax cant sure,Neutral
'kxl2vym',discount per line fan discount get premium cost extra save per line may already one youre factor tax cant sure,Neutral
'kxl3xz7',list premium pl come,Neutral
'kxl3xz7',list premium pl come,Neutral
'kxju6pb',reverse search turn another commemorative blanket,Neutral
'kxju6pb',reverse search turn another commemorative blanket,Neutral
'kxjuank',corporate store store line transfer name authorize user keep account line transfer name installment plan carry well new bill cycle prorate charge,Neutral
'kxjuank',corporate store store line transfer name authorize user keep account line transfer name installment plan carry well new bill cycle prorate charge,Neutral
'kxjublg',like immigrant mystify ways new world arrive today different past,Neutral
'kxjublg',like immigrant mystify ways new world arrive today different past,Neutral
'kxjuj6h',would come back asap dont know promos time phone promos new exist customers tough learn hard way reason many carriers cheaper,Neutral
'kxjuj6h',would come back asap dont know promos time phone promos new exist customers tough learn hard way reason many carriers cheaper,Neutral
'kxjumjv',moonlight,Neutral
'kxjumjv',moonlight,Neutral
'kxjuu6w',point fortunately learn get back within week cancel plan,Neutral
'kxjuu6w',point fortunately learn get back within week cancel plan,Neutral
'kxjuyu9',would fantasize treat molotov cocktail,Neutral
'kxjuyu9',would fantasize treat molotov cocktail,Neutral
'kxjv64d',back cricket plan,Neutral
'kxjv64d',back cricket plan,Neutral
'kxjv70w',durant distant cousin filipino support superstar kelvin durant currently hold world record consecutive derail cancellation chat,Neutral
'kxjv70w',durant distant cousin filipino support superstar kelvin durant currently hold world record consecutive derail cancellation chat,Neutral
'kxjvf5m',doesnt supervisor,Neutral
'kxjvf5m',doesnt supervisor,Neutral
'kxjvm6h',make statement day would pay identity monitor protection service affect current former customers,Neutral
'kxjvm6h',make statement day would pay identity monitor protection service affect current former customers,Neutral
'kxjvml0',sign fiber promos deal aware,Neutral
'kxjvml0',sign fiber promos deal aware,Neutral
'kxjwes2',random def generate_agentname first_names kelvin bob carol dave anne last_names smith jones durant brown davis first_name first_names last_name last_names return first_name last_name,Neutral
'kxjwes2',random def generate_agentname first_names kelvin bob carol dave anne last_names smith jones durant brown davis first_name first_names last_name last_names return first_name last_name,Neutral
'kxjz8fy',website could find info,Neutral
'kxjz8fy',website could find info,Neutral
'kxk1ax6',email unique specifically leak say passcodes leak,Neutral
'kxk1ax6',email unique specifically leak say passcodes leak,Neutral
'kxk2xb2',basically argue chatgpt next time call real att person ask cancel line ask tell share information cancel cancel line move mobile call credit card company block future charge open fraud case,Neutral
'kxk2xb2',basically argue chatgpt next time call real att person ask cancel line ask tell share information cancel cancel line move mobile call credit card company block future charge open fraud case,Neutral
'kxl6tcs',hard credit inquiries new customers,Neutral
'kxl6tcs',hard credit inquiries new customers,Neutral
'kxl8n51',hear back agent job train,Neutral
'kxl8n51',hear back agent job train,Neutral
'kxl962b',understand difference passcode password problem system accept information put change passcode keep try lock,Neutral
'kxl962b',understand difference passcode password problem system accept information put change passcode keep try lock,Neutral
'kxl9s1l',say whole street mean like direct neighbor like block two away literal next door neighbor address validation ticket put green light house fiber type ticket do house miss system say available mean block two away street two away simple case like mean almost definitely fee different neighborhood box hasnt upgrade fiber yet expand fiber street would require full fiber buildout neighborhood box mean replace neighborhood box run new fiber every street feed doesnt mean wont eventually happen isnt simple extend exist fiber neighborhood box feed specific area isnt design expand areas cover box end unless next door neighbor dont really wait upgrade neighborhood box rhyme reason decide upgrade areas right hold build areas already run fiber customers sign,Neutral
'kxl9s1l',say whole street mean like direct neighbor like block two away literal next door neighbor address validation ticket put green light house fiber type ticket do house miss system say available mean block two away street two away simple case like mean almost definitely fee different neighborhood box hasnt upgrade fiber yet expand fiber street would require full fiber buildout neighborhood box mean replace neighborhood box run new fiber every street feed doesnt mean wont eventually happen isnt simple extend exist fiber neighborhood box feed specific area isnt design expand areas cover box end unless next door neighbor dont really wait upgrade neighborhood box rhyme reason decide upgrade areas right hold build areas already run fiber customers sign,Neutral
'kxlc213',may know option didnt use option talk someone,Neutral
'kxlc213',may know option didnt use option talk someone,Neutral
'kxlevpw',get letter data affect,Neutral
'kxlevpw',get letter data affect,Neutral
'kxlfll2',get one amazon like mm wave put visible sim card future proof nyc seem att verizon mm wave coverage,Neutral
'kxlfll2',get one amazon like mm wave put visible sim card future proof nyc seem att verizon mm wave coverage,Neutral
'kxlhcsu',also say officially available residents ny il https https although pretty obvious option myat id think least myat users would find years ironically though still contact support cancel line time lol ive never much issue op though usually im firm im ask stop give offer poor op,Neutral
'kxlhcsu',also say officially available residents ny il https https although pretty obvious option myat id think least myat users would find years ironically though still contact support cancel line time lol ive never much issue op though usually im firm im ask stop give offer poor op,Neutral
'kxli3g4',call talk someone cancel home phone landline take mins count hold time,Neutral
'kxli3g4',call talk someone cancel home phone landline take mins count hold time,Neutral
'kxlie4s',tell want cancel line,Neutral
'kxlie4s',tell want cancel line,Neutral
'kxliojs',exactly run coverage dark green zero bar update though get plan back upgrade phone submit request refund mint mobile,Neutral
'kxliojs',exactly run coverage dark green zero bar update though get plan back upgrade phone submit request refund mint mobile,Neutral
'kxlj8fb',dont future credit think youd good go want use iphone new carrier pay unlock issue unlock youve get time work youre still customer versus port phone work customer,Neutral
'kxlj8fb',dont future credit think youd good go want use iphone new carrier pay unlock issue unlock youve get time work youre still customer versus port phone work customer,Neutral
'kxlkaq5',may take time depend engineer fund areas work big year build massive build area come need wait keep send request,Neutral
'kxlkaq5',may take time depend engineer fund areas work big year build massive build area come need wait keep send request,Neutral
'kxln5ra',happen us also take months fix,Neutral
'kxln5ra',happen us also take months fix,Neutral
'kxln7co',try remember get someone make likely want end phone either,Neutral
'kxln7co',try remember get someone make likely want end phone either,Neutral
'kxln9i4',still get byod deal port back deal prioritize plan often cost basically value today byod deal apply monthly months network much premium pl port time really boil congestion areas use phone extras like,Neutral
'kxln9i4',still get byod deal port back deal prioritize plan often cost basically value today byod deal apply monthly months network much premium pl port time really boil congestion areas use phone extras like,Neutral
'kxlo6p4',pay remain balance,Neutral
'kxlo6p4',pay remain balance,Neutral
'kxlpfbp',single company organization person perfect cyber security impossible even nsa hack,Neutral
'kxlpfbp',single company organization person perfect cyber security impossible even nsa hack,Neutral
'kxlpoga',get ta post complaint thread,Neutral
'kxlpoga',get ta post complaint thread,Neutral
'kxlq1wi',lower trade value ask rest device work condition free damage thats exact language pro tech insurance back glass replacement cover think free free discount dont id answer question damage rest device see value,Neutral
'kxlq1wi',lower trade value ask rest device work condition free damage thats exact language pro tech insurance back glass replacement cover think free free discount dont id answer question damage rest device see value,Neutral
'kxlr3er',info dob ssn address email name phone number,Neutral
'kxlr3er',info dob ssn address email name phone number,Neutral
'kxlr4o6',connect rosarito tj unlimited data,Neutral
'kxlr4o6',connect rosarito tj unlimited data,Neutral
'kxlty80',always think thats postpaid bill work prepay phone service also directv get set one month years ago bill usually due month never really understand though,Neutral
'kxlty80',always think thats postpaid bill work prepay phone service also directv get set one month years ago bill usually due month never really understand though,Neutral
'kxlu0z2',post remind need cancel next suck another reason later realize next worthwhile anyways besides wait minutes rep remove next within minutes pull trick time get lucky compare op,Neutral
'kxlu0z2',post remind need cancel next suck another reason later realize next worthwhile anyways besides wait minutes rep remove next within minutes pull trick time get lucky compare op,Neutral
'kxlv5ac',purpose u either exit chat try ask way agent get hit cancelation affect purpose insane,Neutral
'kxlv5ac',purpose u either exit chat try ask way agent get hit cancelation affect purpose insane,Neutral
'kxly7lf',cayman islands vacation sure handle bill international day pass would cover everything honesty way really figure wait see bill come,Neutral
'kxly7lf',cayman islands vacation sure handle bill international day pass would cover everything honesty way really figure wait see bill come,Neutral
'kxlyo6a',plug one load,Neutral
'kxlyo6a',plug one load,Neutral
'kxlz1lj',pay first bill february status say owe april nothing due march,Neutral
'kxlz1lj',pay first bill february status say owe april nothing due march,Neutral
'kxlzk7e',pay march say owe month change,Neutral
'kxlzk7e',pay march say owe month change,Neutral
'kxm037s',change auto pay auto pay credit card debit card change method payment change date money remove credit card remove earliest debit manually pay online mail check still,Neutral
'kxm037s',change auto pay auto pay credit card debit card change method payment change date money remove credit card remove earliest debit manually pay online mail check still,Neutral
'kxm0o3a',actually pay first bill credit card switch debit add auto pay contact att something could end,Neutral
'kxm0o3a',actually pay first bill credit card switch debit add auto pay contact att something could end,Neutral
'kxm0qyg',per megabyte work approximately per gigabyte immediately go make sure international day pass turn line cost nothing use make maximum per line pay five dollars another line build sameday sons line idp line call immediately see backdate international day pass,Neutral
'kxm0qyg',per megabyte work approximately per gigabyte immediately go make sure international day pass turn line cost nothing use make maximum per line pay five dollars another line build sameday sons line idp line call immediately see backdate international day pass,Neutral
'kxm13dd',nothing contact say take different form auto payments different date,Neutral
'kxm13dd',nothing contact say take different form auto payments different date,Neutral
'kxm7cto',work last year able cancel watch tablet hotspot devices unless change since would still need call cancel phone line,Neutral
'kxm7cto',work last year able cancel watch tablet hotspot devices unless change since would still need call cancel phone line,Neutral
'kxm9179',fool run scenario find back glass break wasnt disclose know happen adult tell keep play game,Neutral
'kxm9179',fool run scenario find back glass break wasnt disclose know happen adult tell keep play game,Neutral
'kxmase5',go site,Neutral
'kxmase5',go site,Neutral
'kxmfcsb',choose fiber fiber choose,Neutral
'kxmfcsb',choose fiber fiber choose,Neutral
'kxmfflm',signup new phone years sign installment agreement agree pay phone doesnt mean screw contract leave anytime pay phone whether get something less damage phone separate issue installment credit lock people months want full amount since leave early give remainder,Neutral
'kxmfflm',signup new phone years sign installment agreement agree pay phone doesnt mean screw contract leave anytime pay phone whether get something less damage phone separate issue installment credit lock people months want full amount since leave early give remainder,Neutral
'kxmgd92',need purchase internet service set id use availability tool enter address see whats available,Neutral
'kxmgd92',need purchase internet service set id use availability tool enter address see whats available,Neutral
'kxmgqou',isnt youve already order service,Neutral
'kxmgqou',isnt youve already order service,Neutral
'kxmgydi',tool im west texas havent hear word,Neutral
'kxmgydi',tool im west texas havent hear word,Neutral
'kxmhpv7',add iphone device issue,Neutral
'kxmhpv7',add iphone device issue,Neutral
'kxmihjy',att thieve leave fast,Neutral
'kxmihjy',att thieve leave fast,Neutral
'kxmikby',point plan generally cost,Neutral
'kxmikby',point plan generally cost,Neutral
'kxmiq37',settle lol get ta keep fight,Neutral
'kxmiq37',settle lol get ta keep fight,Neutral
'kxmkojf',option cancel line myat regardless line type since two years ago,Neutral
'kxmkojf',option cancel line myat regardless line type since two years ago,Neutral
'kxmlbb2',agreements reinstate get grandfathered plan back,Neutral
'kxmlbb2',agreements reinstate get grandfathered plan back,Neutral
'kxmld1w',father would need cooperate let port old phone,Neutral
'kxmld1w',father would need cooperate let port old phone,Neutral
'kxmlka9',line millions people wait fiber dont choose fiber fiber choose,Neutral
'kxmlka9',line millions people wait fiber dont choose fiber fiber choose,Neutral
'kxmlq46',completely possible cancel line allow transfer bill responsibility tobr new account however finance new phone new number payments stick new number new phone ideally would want make sure transfer happen within buy new phone return cancel new number open upgrade actual phone number new phone payments tie number,Neutral
'kxmlq46',completely possible cancel line allow transfer bill responsibility tobr new account however finance new phone new number payments stick new number new phone ideally would want make sure transfer happen within buy new phone return cancel new number open upgrade actual phone number new phone payments tie number,Neutral
'kxmlx8y',thats access point things wifi put top wall effect reach performance however much dont know,Neutral
'kxmlx8y',thats access point things wifi put top wall effect reach performance however much dont know,Neutral
'kxmmeb5',go ahead upgrade phone new number old phone day grace period still pay outright new phone something sol,Neutral
'kxmmeb5',go ahead upgrade phone new number old phone day grace period still pay outright new phone something sol,Neutral
'kxmmelu',wifi extenders throughout house connection issue years question instal new fiber line,Neutral
'kxmmelu',wifi extenders throughout house connection issue years question instal new fiber line,Neutral
'kxmmn83',end get old number transfer new account pay new phone get outright use old number cancel new number,Neutral
'kxmmn83',end get old number transfer new account pay new phone get outright use old number cancel new number,Neutral
'kxmmvl6',reach please complete form https help fraud team look review receive response within business days,Neutral
'kxmmvl6',reach please complete form https help fraud team look review receive response within business days,Neutral
'kxmnfz6',durant lord kelvin x kevin durant,Neutral
'kxmnfz6',durant lord kelvin x kevin durant,Neutral
'kxmnp7x',bots crazy,Neutral
'kxmnp7x',bots crazy,Neutral
'kxmnqmf',help,Neutral
'kxmnqmf',help,Neutral
'kxmnyen',data leak old data mostly prior really new customers depend new talk many many years ago leave verizon probably like years move family us mobile come back thankfully account safe since old account ancient new one young lol,Neutral
'kxmnyen',data leak old data mostly prior really new customers depend new talk many many years ago leave verizon probably like years move family us mobile come back thankfully account safe since old account ancient new one young lol,Neutral
'kxmo23n',would actually happen old number transfer account,Neutral
'kxmo23n',would actually happen old number transfer account,Neutral
'kxmo6wy',joke lol literally cap word much half use exclamation point relax,Neutral
'kxmo6wy',joke lol literally cap word much half use exclamation point relax,Neutral
'kxmoen9',would list authorize user account customer service add note account state give permission take line go onto myat website app start transfer online get transfer bill section would choose number input email address would send link accept transfer,Neutral
'kxmoen9',would list authorize user account customer service add note account state give permission take line go onto myat website app start transfer online get transfer bill section would choose number input email address would send link accept transfer,Neutral
'kxmoo7j',pull tech fit back run wire install new fiber jack behind cabinet,Neutral
'kxmoo7j',pull tech fit back run wire install new fiber jack behind cabinet,Neutral
'kxmoob1',far know father control phone would try get cooperate,Neutral
'kxmoob1',far know father control phone would try get cooperate,Neutral
'kxmorqj',much help today stressful day,Neutral
'kxmorqj',much help today stressful day,Neutral
'kxmpey6',might explain receive email wireless account open april want say internet account open april flag however,Neutral
'kxmpey6',might explain receive email wireless account open april want say internet account open april flag however,Neutral
'kxmpfz1',question,Neutral
'kxmpfz1',question,Neutral
'kxmpw0h',proactively email customers affect let know compromise affect customers receive copy email https,Neutral
'kxmpw0h',proactively email customers affect let know compromise affect customers receive copy email https,Neutral
'kxmq07h',lol,Neutral
'kxmq07h',lol,Neutral
'kxmrbqi',start copy paste thing,Neutral
'kxmrbqi',start copy paste thing,Neutral
'kxmro3z',answer online request flip ai,Neutral
'kxmro3z',answer online request flip ai,Neutral
'kxmrpon',way get right department register ticket keep get runaround buy piece property home fiber instal build new home property different street address find address search say fiber available,Neutral
'kxmrpon',way get right department register ticket keep get runaround buy piece property home fiber instal build new home property different street address find address search say fiber available,Neutral
'kxmumj6',grandfathered plan still worth,Neutral
'kxmumj6',grandfathered plan still worth,Neutral
'kxmunn2',cellular phone might cheaper put line premium get hotspot data currently line unlimited way fan discount premium price extra sweet spot add line add extra line per month could old phone use hotspot second line current phone ive do latter work,Neutral
'kxmunn2',cellular phone might cheaper put line premium get hotspot data currently line unlimited way fan discount premium price extra sweet spot add line add extra line per month could old phone use hotspot second line current phone ive do latter work,Neutral
'kxmwo52',store make payment original kick couple days,Neutral
'kxmwo52',store make payment original kick couple days,Neutral
'kxmx179',recently get bump post assumption people start pay boost demand priority option,Neutral
'kxmx179',recently get bump post assumption people start pay boost demand priority option,Neutral
'kxmx37p',best bet go corporate store able do phone agents might know talk refer different name people call address validation ticket others might refer nav ticket,Neutral
'kxmx37p',best bet go corporate store able do phone agents might know talk refer different name people call address validation ticket others might refer nav ticket,Neutral
'kxmx7wv',kelvindurant,Neutral
'kxmx7wv',kelvindurant,Neutral
'kyjpr0z',let us know,Neutral
'kyjpvkm',authorize retailer payout structure rep manager require sell hit certain goals insane,Neutral
'kyjpyc1',like randomly give people advice brag award,Neutral
'kyjq77f',work,Neutral
'kyjrpji',much guy make per vga premium,Neutral
'kyjs1ac',get iphone,Neutral
'kyjtirk',work thats sure glad leave dont get wrong service decent everything people run company need rethink theyre cus theyre gon na lose lot customers long run,Neutral
'kyjtrd7',work environment horrible schedule cor retail schedule seniority longer compare peer better schedule happen store reps around years two almost years close every night work every weekend entire time work,Neutral
'kyjtxdu',use cricket get benefit network unlimited priority data include max,Neutral
'kyju4wy',specifically say lte work understand vary cover every contingency cover much base op say,Neutral
'kyjum91',ditch verizon would need upgrade plan avoid throttle top verizon problematic neighborhood move decide switch get small discount,Neutral
'kyjuppw',sell isis app true story amex come payment app call isis,Neutral
'kyjvyzt',daughter long term bf say party shady sales reps explain certain promos properly people allow claim rebate reward sales reps number authorize,Neutral
'kyjxmhe',odd story first carrier ever switch years come back charge router send back long time ago,Neutral
'kyjyyg1',rep do hundreds tobrs retain elite plan force select new current plan complete tobr listen customer service rep say,Neutral
'kyjzigf',several years credit apps use require two phone number everyone one wed often put zero relative system would say hey thats zero wed throw store phone number could see someone throw number move along process eventually make habit realize inappropriate continue account go collections phone start ring look random customers,Neutral
'kyk0fp2',since cingular days never leave,Neutral
'kyk0gym',offer anymore area get full engineer see network handle around tower,Neutral
'kyk0y5j',cant get attinternet air cell phone use att tower clean strong service,Neutral
'kyk1rus',corporate differ franchise,Neutral
'kyk5awq',geofenced,Neutral
'kyk6don',hope thats wasnt try benefit way do suspicious since tell call text question never respond back,Neutral
'kyk7hij',thank,Neutral
'kyk8g8y',hear charlie brown wah wah wah coach,Neutral
'kyk8gx2',lie stupid lie hit goals even stretch goals fine pos build value easy,Neutral
'kyk8qr2',bring line att one line wasnt setup week full insurance setup line wave activation fee buck two weeks service do,Neutral
'kyk8zj4',one signal area,Neutral
'kyk906c',base proximity tower believe,Neutral
'kykae32',ive numerous interview sales position havent get job uber years sales experience cell phone industry sell att verizon mobile,Neutral
'kykbchc',try numerous time avail,Neutral
'kykbl1a',accept frustratingly normal get frustrate start really look solution get point start carry around mobile hotspot work also make phone way faster use cell signal,Neutral
'kykc45z',first tell managers thank call pos job instruct also easy build value product valuable someone try rarely work like lie matter fact tell last time lie someone outside work think quit job,Neutral
'kykd9op',managers tell something unethical obligation report ethics hotline excuse easy call pos say pos follow behaviors safe rarely work perhaps could benefit ways education leadership issue sound like congrats leave take learn apply everywhere go greatly benefit time areas work college,Neutral
'kykebp6',keep issue till sure luck,Neutral
'kykeu4q',get discount work get case etc,Neutral
'kykfhu3',inside mall least better nothing use get mbps bar lte hspa full bar due das outdated also indoor das grapevine mill mbps use bar throughout mall mbps come macro site top hyatt hotel,Neutral
'kykfigx',much withhold commission least refund file next year adjust withhold like keep withhold tax within actual obligation either way last year barely keep refund,Neutral
'kykg197',retire issue,Neutral
'kykh4h7',weird one carrier though years inside build campus work full bar perfect coverage antennas set verizon still service,Neutral
'kykiiwf',state ny supplemental tax rate federal commission bonuses ny together commission tax math paystub come exactly tax commission,Neutral
'kykjfdf',would interest hear actually help pm experience make big promise fail deliver theory job reputation management try quiet people promise resolution,Neutral
'kykk81m',kelvin definitely npc guy need hit sale target,Neutral
'kykkipt',need go store logins account go release financial responsibility whatever line want send email bring name call customer service care notate account authorize assume financial responsibility phone number either call go store note need authorize user assume financial responsibility thing need note customer service,Neutral
'kyklreg',store opps month reps make better money store manager,Neutral
'kykluge',update anyone,Neutral
'kyknlo6',post att forums link op data point solutions yet id imagine monday hit employees look issue,Neutral
'kyknonk',att end far bed asurion,Neutral
'kyknyar',really sure procedure think ask do still contact like commenter suggest transfer bill responsibility either online phone ask remove account without interaction know att court order understand court order guess say something along line share utilities order x name transfer name issue far att concern account name line could line account att go consider share account technically name name authorize user account always transfer number onto otherwise tobr possible may sol unfortunately,Neutral
'kykqbor',best way create account ive problems ive flag new company despite market years dont know att decide check new account history credit etc,Neutral
'kykqm22',dad work corporate get whatever phone want free pay phone bill every month mom get phone bill every month accessories keep,Neutral
'kykrhh5',plan get new phone every years years,Neutral
'kykrvka',cobc report ts office president managers make employees slam account like,Neutral
'kykta9r',voice per rate plan line per account get byod offer per line additional discount autopay port get low line years purchase devices trade ins buy tiered devices discount line cost usually starter premium autopay paperless bill,Neutral
'kykulfa',areas go,Neutral
'kykw9cg',youtube etc recommend mbps per device att lowest speed market possible make financial sense without acp expensive say sure speed distance interference try connect device issue closer modem problem happen go mesh system may option consider try isolate variables jump conclusions,Neutral
'kykwn28',start job month half ago physically possible hit quotas without deception im try lie customers every day try build value add ons without deception almost one want,Neutral
'kykx07z',opinion best january get spectrum verizon network claim prioritize data anytime speed test would show mbps even get clear facetime connection someone uw full bar home wifi would stand spot mins mins every secs would rotate uw lte service stable enough go back week half ago,Neutral
'kykx6vi',idea,Neutral
'kykz6hu',gon na,Neutral
'kykzoin',call go online release financial responsibility line,Neutral
'kyl73jz',remove make say lte properly maybe want show connect advance lte network stay within character status icon text,Neutral
'kyl7q9b',actually try purchase new device try get trade value trade without promotion give whatever theyre offer time form gift card bill credit youre look actually purchase new device though get trade credit start installment plan least days however long take bill credit apply look agent article long bill credit begin apply okay payoff phone,Neutral
'kyl8tih',look trade device manufacturer get credit new device still installments leave go att give bill credit want credit stop line switch line different device,Neutral
'kyl8w57',credit dont stop line even use different device,Neutral
'kylbhzu',would need information think state really leg stand ny without go something like global legal demand center lawyer domestic abuse statutes give us options pretty much everyone else correct tobr state share utility name,Neutral
'kyld1tc',case,Neutral
'kylfncb',crazy see see happen asia time square grand prairie indoor das drop service inside hong kong market due tower far away heavily reliant lte small cells tower mile away sit miles away,Neutral
'kylh8kw',welcome people need realize employees company,Neutral
'kylhuge',cingular back still pay minutes let call cingular customers free well offer free nights weekend still buyouts,Neutral
'kylkxv3',get someone one time accent sort never hear understand every word immediately tell person sorry go work us language barrier transfer someone think state could clearly understand take long time get person line happen call company kindly request connect someone dialect easily understand every time ask know get connect someone sound like state seem though happen time process follow customer request like fun sometimes make request know obviously scam call sort,Neutral
'kylmpzu',use phone hot spot,Neutral
'kylmrzl',also,Neutral
'kylu295',refund like say exactly oh hope refund pay international day pass instead,Neutral
'kylx37f',things inaccurate half time store reps go,Neutral
'kylx9uq',insurance remove without hurt attachment rate averyone afraid hurt spread misinformation drop attach rate,Neutral
'kylxik7',avoid store remove add ons app want go life like require sell warranties new vehicles dealerships,Neutral
'kylxnwi',luck,Neutral
'kylxp9r',right like ever happen,Neutral
'kylyb6l',like upgrade early,Neutral
'kym22y7',say receive empty box withhold next upgrade credit,Neutral
'kym245t',contribution highly value certainly dont want feel way see issue would like investigate send authentication link kindly complete process help accordingly look forward hear thank jessica,Neutral
'kym2b3f',unlimited international roam talk specifically day pass anywhere world use unlimited data pass verizon cap certain point also texas go one state park often verizon never service entire existence garner state park wish mmwave nod city sporadic compare verizon tower density houston great pretty much always service congestion either try verizon last week days cancel texas ton tower useless unless connect,Neutral
'kym2f2k',buy want return even remember return take store confuse info,Neutral
'kym2jj9',sound like one problems like make,Neutral
'kym3gmp',thank send message another representative advise authentication link find reddit message,Neutral
'kym4f5s',say check fraud department see case close resolve real issue likely collections department list keep get put get send collection agency issue hire attorney,Neutral
'kym56e4',iphone support mimo mimo support require show icon,Neutral
'kym7wmk',already change qci value bad downgrade everyone pay get back priority level,Neutral
'kym89k7',however flip side change likely make better folks pay previously,Neutral
'kym8jkv',personally never see one slow unless super super congest cities,Neutral
'kym9pwq',really help way overthinking lmao talk exceptions norm,Neutral
'kyma485',issue major sport events large city live stadium fill data slow halt,Neutral
'kymcmav',detail way charge happen unless youre schedule payment autopay go like future date payments every charge would confirmation youd able see schedule,Neutral
'kymcz30',customer see several point two set folks hour away see issue multitude sit beyond https message sit include https https https others work isp change ips help hours notably isnt tie single isp people mention two entirely separate entities anyone know bug go get information would awesome,Neutral
'kymdhr3',expect sell htp interactions attainable guess really build value push hard every single customer realistically customers flat want,Neutral
'kymivq4',unless autopay specifically pause rep autopay pull cancel non autopay payment next month pull days due date like,Neutral
'kymjqoz',real fake label lte signal slightly faster call past call network enhance version true,Neutral
'kymk2dh',autopay card ach,Neutral
'kymkmke',thats youre run issue card retry every day like days,Neutral
'kymlawg',call australia free australia get international day pass otherwise go pay pay per use rat outrageous,Neutral
'kymltk9',apple samsung accept trade finance carrier,Neutral
'kymlv6h',north carolina well,Neutral
'kymnd79',tobr take mins always spend time talk customer uncover sales opportunity hit miss customers always come back anything worth,Neutral
'kympp7o',give us free sign,Neutral
'kymt4a0',million extra people flock area eclipse would expect effect performance,Neutral
'kymt4gt',bill due double payment pay next month,Neutral
'kymv3w5',form retail store complete send global legal demand center need include copy court order reps find instructions cckm know personally experience policy look one concern domestic violence,Neutral
'kymw2ge',get mix answer definitely try ask first,Neutral
'kymwdd5',get mix answer people say employees work guess see later next week,Neutral
'kymy6tx',fact likely happen cancel app go start comment,Neutral
'kymymqv',faster,Neutral
'kymzwbx',per line price https,Neutral
'kyn4b2a',actual business,Neutral
'kyn9q2e',tax id number,Neutral
'kynao4n',thank reach us let work around concern get help need order better understand concern would like take conversation private take deeper look get help need please send us pm https review account detail response inbox find https look forward hear david,Neutral
'kynbbbj',court order legal department att court order may need certify copy order,Neutral
'kyngz7e',business plan way get qci today know allocations turbo wait would surprise raise price business premium profit defect,Neutral
'kynh6lj',elite premium lower qci business elite premium remain qci soon offer cartmanland fast pass via turbo restore qci periods,Neutral
'kynh9ei',issue music concert elite plan qci iphone pro max would go lte sos lot,Neutral
'kynhewr',many people give take sport event stadium hold,Neutral
'kynhh2y',take sole prop require register business anything side hustle qualify,Neutral
'kynhlug',lot us side side test ratio cell sit slower speed may feel throttle today,Neutral
'kynhpy4',venue frequent go less often usually sell,Neutral
'kynhxcl',mean flag callerid outgo new stirshaken rule rediculous flag number half call incoming,Neutral
'kynhzx8',music concert go k maximum,Neutral
'kynj76e',reach us understand concern regard smart home manager application let work together resolve issue device connect network try uninstalling reinstall app get message log first time day multiple time could try log smart home manager website via https see work let us know go help thank david k,Neutral
'kynjamz',sign prepay get sim kit walmart unlimited max unlimited max plus plan plan options right sure lol,Neutral
'kynjscq',hope realize instead technology lte advance ergo use lte unlike lte accord gsma,Neutral
'kynk6mb',still havent hear anything turbo business probably better option price basically line end hotspot higher qci favorable domestic roam days idp include time add turbo consumer plan depend price id bet better business,Neutral
'kynk6xn',order prepay esim card maybe allow,Neutral
'kynljxt',get sim kit back switch prepay change sim store try fix shutdown relate issue later find phone wasnt compatible network call dont know walmart relate time sign relate also keep change plan lol one unlimited plan first couple years unlimited max plan gb data speed slow network busy gb mobile hotspot check earlier today theres another plan name price say something gb gb per line hotspot plus unlimited max plus plan newer options,Neutral
'kynncoo',understand face issue log websites let get help need try troubleshoot step restart device clear cache cookies try check alternate device browser still error persist contact service provide let us know go thank mariaj,Neutral
'kyno0q4',hit take sign move away either self host gmail outlook proton,Neutral
'kynopix',mobile pool plan use physical hotspots put low amount top need,Neutral
'kynpcbj',tell wifi call suppose free use wifi voip local overseas cellular network check confirm call make wifi,Neutral
'kynpnvc',store call write leave apple store hour ago say everything need go,Neutral
'kynrg47',able definitely update everything figure would like know someone situation deal,Neutral
'kyns2ih',disconnect iphone icloud go remove lose device register new one icloud maybe could help,Neutral
'kyntfrq',wonder recently att years seriously consider switch next months,Neutral
'kyntole',able verify account pin security question call activations,Neutral
'kyntqhw',ill say reason leave months,Neutral
'kynu3ul',ask tech team question say explain,Neutral
'kynuix7',www remove old ipad account use site try representatives sometimes may know nothing date,Neutral
'kynult6',problem keep schedule autopsy think dead therefore take money prepay final bill,Neutral
'kynuq5p',card change require additional verification via two factor customers visit store bypass,Neutral
'kynuu6e',activate se shutdown send never require call activate,Neutral
'kynvfw4',device remote erase sometimes better safe sorry worry device fall wrong hand may want initiate remote wipe delete personal data restore device factory settings note find iphone continue display customise message even device erase retrieve device restore icloud backup remove device easy delink device process simple turn switch settings icloud want completely remove device icloud account follow step open browser go http sign account click find iphone click devices select device want remove click remove account remove device account,Neutral
'kynvqsr',corporate store able bypass text verification last digits social,Neutral
'kynwbb0',issue,Neutral
'kynwjzv',extra bill say charge could different bill normal bill always go appear past due account,Neutral
'kynwmbu',could relate message get new device remove old one could solution,Neutral
'kynx73g',verification code send new device therefore att activate new device need bypass use pin last ssn far know remove device icloud really much,Neutral
'kynz2x9',pay plan ar work joke let plan nation wide walk,Neutral
'kyo0q89',mac give forbid error chrome work shock know,Neutral
'kyo1icj',similar situation happen visit store way around,Neutral
'kyo1u66',still try work currently phone tech support go hours try sort,Neutral
'kyo1wmp',problem anyone know change relatives phone kumver,Neutral
'kyo1xia',thing work place go work place work travel verizon also work every go work phone verizon barely work work site areas choices,Neutral
'kyo25uc',say store could fix store helpful seem know anything even though corporate store phone internal tech support team,Neutral
'kyo27su',able bypass last ssn,Neutral
'kyo2khr',phone currently bottom ocean unless octopus sea creature able take phone worry issue,Neutral
'kyo2w4p',tower within,Neutral
'kyo39bb',need see id confirm say still even though phone internal tech team figure post final unsuccessful really believe luck draw deal store phone,Neutral
'kyo3j3v',case store activate phone quickly able validate identity driver license need text code min new iphone work,Neutral
'kyo6sp4',go store id long account holder id imagine could reset password verification,Neutral
'kyo78w9',start work mins post,Neutral
'kyo7a2s',lol wan na work,Neutral
'kyo7itl',need free balance transfer multiple line consumer business recently installments move promotion credit line,Neutral
'kyoaxjd',iphones build monthly price,Neutral
'kyobg5r',prime im flagship manager store opps employees make use make month comms im,Neutral
'kyobjl0',use make comms check flagship manager new pay plan,Neutral
'kyobn3s',thats pay cut sure,Neutral
'kyobs9h',month dead store still wait sign bonus check yet get vga month,Neutral
'kyocgty',get,Neutral
'kyofdyc',scuba cert date,Neutral
'kyofehy',cricket plan,Neutral
'kyogxlr',remind ios vpn google vpn simultaneously browse jack also gb month cricket weeks go reset network settings forget reconnect wifi dunce lately thank cricket metro,Neutral
'kyogzfn',luck draw youre activate new sim pin validation longer do email security reason dont either old device second line youll store,Neutral
'kyoh5nl',able pin validate show id,Neutral
'kyohokk',miss comment go find verify pin id go hard situation,Neutral
'kyoio1p',think account holder would one tobr even authorize users otherwise everything else state point,Neutral
'kyoiseb',care able assist visit local store,Neutral
'kyoj4kf',end cancel service return device log exist wireless phone account add internet air service walk service signup process new device arrive properly pair exist account,Neutral
'kyojlzj',correct however personal responsibility think store might ways besides photo id know youd go sure also get activate sort mess appleid straight apple proof purchase photo id,Neutral
'kyokzm1',always consult union rep gather information get back best plan action,Neutral
'kyolo29',idea commission tax sound like itd tax like bonus wouldnt get back end year file,Neutral
'kyomuqs',users probably tobr think port individual number though could totally wrong though,Neutral
'kyoo06v',age limit prepay long able pay,Neutral
'kyope1b',thank,Neutral
'kyoqav3',notify today find interest havent att cable since didnt get marry years move europe move back us never sign att since yet ssn current address spouse current email address different email att current phone number breach id interest know att info date tie wifes,Neutral
'kyor7wk',try almost years since email allow sim reset,Neutral
'kyosyku',incentives tax gift higher tax percentage,Neutral
'kyoudzn',tax take commission salary tax much lower rate way would owe tax end year income combine total tax take equal job salary commission work way,Neutral
'kyovksh',coverage fastest data free hbo,Neutral
'kyowjqd',take whatever due,Neutral
'kyozlja',im read isnt go much difference speed use current att internet service force change,Neutral
'kyp08nw',go corporate store lol authorize retail get train necessary complete process,Neutral
'kyp0a8r',correct exactly do,Neutral
'kyp0esg',already answer att commission job tip base job far chargeback ill try answer simple possible want exact would need ask tax professional keep things simple chargeback unit necessarily dollar amount amount tax much actually make piece commission structure chargeback never go equal unless every month sale exactly commission pretax exactly amount,Neutral
'kyp0xkb',understand important stay connect travel let troubleshoot issue face imessage find solutions imessage facetime configuration primary line set primary line imessage facetime ensure phone number associate service airalo esim use airalo esim mobile data call turn call iphone data roam enable data roam airalo esim reset imessage go settings device navigate message toggle imessage back tap send receive uncheck number ensure email address check allow send receive imessages use data connection phone number settings unable turn phone number settings try follow restart iphone ensure apple id correctly associate phone number check number appear start new conversations contact consider put roam block account prevent accidental charge email vs phone number imessage users may account associate email address rather phone number could explain imessages work people others remember imessage finicky especially deal multiple sims let us know step help thank contact community forums susan community specialist,Neutral
'kyp1e4i',understand important stay connect travel let troubleshoot issue face imessage find solutions imessage facetime configuration primary line set primary line imessage facetime ensure phone number associate service airalo esim use airalo esim mobile data call turn call iphone data roam enable data roam airalo esim reset imessage go settings device navigate message toggle imessage back tap send receive uncheck number ensure email address check allow send receive imessages use data connection phone number settings unable turn phone number settings try follow restart iphone ensure apple id correctly associate phone number check number appear start new conversations contact consider put roam block account prevent accidental charge email vs phone number imessage users may account associate email address rather phone number could explain imessages work people others remember imessage finicky especially deal multiple sims let us know step help thank susan,Neutral
'kyp2bh0',complete job first complain normally mark orange blue paint,Neutral
'kyp2cka',see options get security options thing see security options parental control status nothing clickable go every single set look kind block websites set disable none able use service wild block something internet,Neutral
'kyp2qg1',pretty sure soft pull,Neutral
'kyp5t2z',complexity sure legitimate corporate store license authorize go corporate store burn many time,Neutral
'kyp5vlc',change eligible promotions value plus plan,Neutral
'kyp6wk5',know steve job die even roll right,Neutral
'kyp83qc',tech support rep sim change require extra verification otp normaly phone miss send otp phone number account doesnt primary one issue theres one phone number account get go corporate store retailer costco target walmart etc would able scan id bypass otp phone take physical sim card call cs ask send park sim card receive activate use,Neutral
'kyp88of',stay cricket,Neutral
'kyp8w5x',think post decide stay cricket,Neutral
'kyp916i',exact service,Neutral
'kyp95kk',currently plan include max switch att prepay would get new max plan deal depriortization less hotspot data,Neutral
'kyp95n0',understand deal challenge situation regard removal primary account holder account let explore step take address transfer bill responsibility tobr primary account holder authority manage account however want remove account need initiate transfer bill responsibility tobr tobr process allow someone else assume responsibility account authorize another person family member friend take phone line name keep mind even transfer remain ultimately responsible charge service incur account name proceed tobr need fill necessary form submit review request decide whether approve access account initiate change need access account currently access consider follow step recover account access lose access account try recover online portal visit store since unavailable visit store person explain situation staff provide relevant legal documentation court order prove status primary account holder regain access proceed tobr process explore options cancellation account longer wish maintain account right cancel however decision make carefully consider ongoing service contract cancel account follow step access account mention earlier regain access account settle outstanding charge ensure outstanding bill settle close account confirm cancellation confirm cancellation provide instructions remember cancel account may impact active service weigh options carefully learn information tobr https let us know information help thank susan,Neutral
'kyp9glx',look corporate own retail store believe authorize retailers process tobr due customer death unless change,Neutral
'kyp9kwv',learn time year ago even though deprioritized would go value plus plan could use apple watch plan hard limit line smart watch end put primary line visible start support watch price due way manage line att prepay visible get coverage network cant change mind since att plan annual plan months run,Neutral
'kypa46f',ihx year solid position work retail care dispatch house get instal time different wireless carrier assist app setups ask lifestyle question make offer wireless promotions better offer part company sales quotas involve lot funnel manage ihx get bad rap areas company due reps follow sale get hire good rep sale customers pay dividends referrals,Neutral
'kypafas',corporate store much knowledgeable either lol,Neutral
'kypayg5',notify,Neutral
'kypbnin',rep youre enrol autopay wont past dues account take amount due bill isnt minimum account always pause autopay current bill cycle would resume automatically one,Neutral
'kypboxt',delete message recall deal show indicator get sales lot controversy time post run across info,Neutral
'kypcgf6',call assume already account,Neutral
'kypchzc',change,Neutral
'kypcras',elite force extra hotspot enough give max,Neutral
'kxhm5g5',kelvin kevins brother,Neutral
