MsgID,MsgBody,roberta_sentiment
'kuwy722',pretend youre pirate use vpn like proper pirate,Neutral
'kux51fi',reason get certain peer monitor torrent report cox cox see actual thing download use news group go get notice,Neutral
'kux51fi',reason get certain peer monitor torrent report cox cox see actual thing download use news group go get notice,Neutral
'kux7bj0',tip,Neutral
'kuxhr8z',go aol still available bunch doobies,Neutral
'kuxhr8z',would go aol still available bunch doobies,Neutral
'kuzk7ol',use torrent client perhaps still seed background really ought use vpn,Neutral
'kv0aomt',oliver chat bot dont expect nothing abt chatbot,Neutral
'kv173go',wifi modem,Neutral
'kv1lk7d',create one time passcode security area yahoo order import email gmail account also need change pop smtp servers yahoo username full email address instead username like example instead example,Neutral
'kv1lpoo',bring back memories newsgroups dreamcast game,Neutral
'kv1mmoo',get tmobile home internet black friday still cox gb plan im still test tmhi get speed depend time day congestion latency also higher reduce use router sqm,Neutral
'kv1vdcg',send instructions miss along new servers info current login credentials carry thank,Neutral
'kv21wen',google yahoo pop server settings find support article server settings password use email clients yahoo require change password dont use password gmail import email create one time password device,Neutral
'kv256hb',find odd multiple cities area get google fiber instal cox formal process get fiber community get sort help get something run even contract,Neutral
'kv3vxan',try repair via network settings windows,Neutral
'kv44m07',use cox router send one send back,Neutral
'kv4prar',long take internet plan change assume upgrade downgrade internet,Neutral
'kv5683m',registration process netgear skip cant figure read instructions usually start,Neutral
'kv5i0mi',number still discount expire next month ill need,Neutral
'kv5xclw',whats go system cox tie internet speed package change rental device use device call tech support see drop since work order system modify include equipment,Neutral
'kv5ygl0',restart cable modem lot time,Neutral
'kv5zwpi',late thread throttle connection actually prove billionth time minutes ago download file get estimate download completion absolutely ridiculous im gigablast plan turn vpn would know immediately able download file minutes decide apparently throttle mine base ip would switch providers except provider available virginia,Neutral
'kv60a9k',lie prove minutes ago theyre throttle mine base ip estimate download completion sit like minutes turn vpn magically able download file minutes,Neutral
'kv6303i',oh ive change yet second post ive symptom grab pitchfork join email changeover post https,Neutral
'kv64fnh',guess start,Neutral
'kv6omey',much,Neutral
'kv6vvne',mind folders old email make move,Neutral
'kv73pe8',never create folders,Neutral
'kv7ox6o',even say get line,Neutral
'kv7tkuo',convert business account like bank stuff gmail,Neutral
'kv7tumm',sound like router update software try see suggestions see exchange whoever buy,Neutral
'kv7u4f4',wouldnt use yahoo let use hat go place need email address change gmail account yahoo,Neutral
'kv8m6s0',email havent completely migrate currently theyve migrate areas contact cox employee tell base region migrate end march also theyre send notifications days migration visit complete migration,Neutral
'kva2sb6',smart cox verizon never use email always use gmail,Neutral
'kva4pyf',like try split network admin site need download panoramic wifi app split unless panoramic pod,Neutral
'kva67fl',lock app,Neutral
'kva74ev',btdt rely cellphone hotspot service backup cox days cox get unreliable whether outages jitter post https get tech look service thats usually far better phone support,Neutral
'kvabh20',use separate name password checkbox grey pod use primary user id,Neutral
'kvacct5',grey every time check box automatically turn back pod,Neutral
'kvadha5',check change wifi name passwords save save leave app go back show change,Neutral
'kvb0pj7',click immediately turn back anything screen keep shut back maybe glitch something try tomorrow least give hope work,Neutral
'kvb263t',okay didnt know glitching like would try clear cache uninstalling reinstall app alternative device try well think possibly well site computer tool wifi else fail call tech support able assist change end still access tool tech support,Neutral
'kvb2bjv',may may help think im big app person next door app see others area problem problem maybe find solution problem somewhere neighborhood node feed area either overload bad amplifier also lot people dont know sometimes youre problems forget call corrode file handle internet cox since mid see last suggestion many many time internet,Neutral
'kvb4d35',check packet loss run ping test packet per second months ago get around packet loss speed fine internet seem normally online game fps unplayable issue actually fix next day without anything,Neutral
'kvb5hcg',know try see work thank,Neutral
'kvb5qzz',appointment get fix boom do,Neutral
'kvbft1x',mb get plan,Neutral
'kvbt1gt',measure jitter last hour way read jitter describe packet,Neutral
'kvbttru',ill write anything help second tech come tomorrow use much big deal people like work home huge deal lose almost wag days outage credit give slap face,Neutral
'kvc0oqz',factory reset way go,Neutral
'kvc17ei',one reason use cox junk buy modem router,Neutral
'kvc3l08',might log diagnostic check try password enter factory reset factory reset take minimal effort,Neutral
'kvcb8lj',password,Neutral
'kvchg3n',start happen yesterday live keep put call hate deal tech support probably tomorrow learn anything interest post,Neutral
'kvnkh9l',make add home phone call say could give discount add month home phone need,Neutral
'kvnmywf',imagine house build isnt already coax coax wall jack inside house coax already terminate box side house thing cox connect house box need come inside test signal,Neutral
'kvnphkt',would still buy place like home depot low last look builders know use cheaper materials get away sound like replacement probably par others fish wire though probably could isnt rocket science run wire last time need tge cox tech feed wire attic run need,Neutral
'kvnqlx0',thing note coax could connect satellite provider connect pay tech find get room need,Neutral
'kvnwpw9',tech charge state pay since say would work online work cox really,Neutral
'kvnwxch',inside depend need do,Neutral
'kvo1rhb',ask heck go inside house,Neutral
'kvo5do8',point op confirm least eye also assume wire instal cox guess could incorrect afaik cox use shield long time long work start go attic depend live temperature attic get quite hot safety issue,Neutral
'kvo6b33',cox since use sell landline dial way broadband highspeed use never charge unlimited data ever since get rid net neutrality start charge say service provide thats bs company provide less dont charge unlimited data dont care tryin take advantage people use cox area cox get know theyll pay use cox thats also best keep give fake discount soon go leave instead lower price good business practice dont care anything get much theyre customers possible even mean charge price gouge,Neutral
'kvoew9e',show,Neutral
'kvoftfu',lot hotel tvs hospitality mode days lock settings,Neutral
'kvoi28q',need tech credit could something end oliver chat bot real person,Neutral
'kvojdjf',may figure case cox email address stay exactly connect yahoo mail servers instead cox sound like use thunderbird follow instructions cox provide settings would change find could send mail couldnt receive solution wasnt mention cox instructions change authentication protocol incoming mail normal password oauth complete setup successfully able access mail cox servers mail include folders move yahoo servers im big fan yahoo move stuff gmail im keep address yahoo catch correspondents may forget update gmail address year probably delete like cox decades yahoo gmail even exist email longer tie cox easily dump cox oec soon get chance actually do big favor answer one question mail move use isp available address still work like always,Neutral
'kvojuvw',fiber cox coax cox charge pro install years run situations custom customer charge,Neutral
'kvomj8v',cant say theyre social media team first launch early even back pretend purpose keep people phone make company look responsive effective online public least use streamline lot normal tech support process recall mesa az use ahead curve term internet speed reliability little jealous get meg download speed area wouldnt happen systematic infrastructure problems likely problem isolate fairly small area least coxhelp probably find whats really go,Neutral
'kvon1ri',say work hard ettr keep slip cox never tell rca outages part get crank though try enable text notifications alert service supposedly restore website throw error try call tech support error ivr recognize number say aware outage affect area nobody could talk could fix faster hang,Neutral
'kvorj27',month ago requirement need set delay disconnect call number days later get approve discount would say call get agent question ask,Neutral
'kvowo02',sure know thing,Neutral
'kvoxsw3',know verizon coax maybe twist pair anyway two different company work cox years,Neutral
'kvpv2ob',post rant weekly rant stick thank,Neutral
'kvqpxx1',devices issue connect ps,Neutral
'kvqqxvb',wag try use google dns manual dns see https instructions,Neutral
'kvr3mk3',want house wire dont want come house use common sense sound correct,Neutral
'kvr3ud2',way seem want house rewire rather live without internet let somebody inside rewire,Neutral
'kvr92q5',guess coz verizon isps support address,Neutral
'kvrd66q',call exactly right apparently amplifier split cable home phone home cable home internet root cause issue tech find outside remove blaze,Neutral
'kvrecff',retire one field electrician wire many home could care less home job look good dressers medicine cabinet,Neutral
'kvrtthy',room coax run outside yes know home use storage unit dads company go,Neutral
'kvs5uis',issue device connect ethernet true gig outages etc,Neutral
'kvs93de',modem get see gig modded unlimited data expensive see,Neutral
'kvs9x4j',pay highest speed fastest modem etc havent issue since upgrade dont think anything issue cause company perform maintenance area yesterday post app know outage area today also abundance internet service area provide cox offer limit matter look,Neutral
'kvsdy1e',weeks back notice get really terrible bandwidth time rep actually admit intentionally throttle part sales pitch get unlimited plan logic protection slow would help avoid charge exceed data allotment make much sense say covid infections lower less test discover mislead call previously gigablast promotion end promise could keep exact plan actually reduce bill modest decrease total bandwidth use sound good true every detail find data cap reduce new plan actually mbps convince upgrade mbps promise immediate big improvement jump mbps fast forward month inconsistent mbps morning hours later ive reach mbps suppose right since publish speed pretty much par course days im sure massive influx people area effect question spend money plan unlimited data even shoot reach mbps anyone able verify,Neutral
'kvsmqqa',number hear aid haha,Neutral
'kvsmtdm',notice lol,Neutral
'kvtq64w',area gig cost area plus options unlimited data month,Neutral
'kvu0iv4',probably sufficient play game mean update take longer download faster plan game say thats difference wait bite hour versus say minutes plan higher speed plan affect ping time substantially unless theres bunch stuff go network simultaneously livestream upload bottleneck also note soon longer fit definition broadband accord recent decision fcc forsee speed upgrade accordingly distant future,Neutral
'kvu3iv5',fine would go one tier fine,Neutral
'kvu3x7d',benefit need,Neutral
'kvu9pd3',still need docsis modem support multigigabit arris good example,Neutral
'kvud5fz',pretty slow id get least since two id say get,Neutral
'kvue86k',rep run line test might need tech come,Neutral
'kvuhlac',want get perspective close henderson nv street vegas thing spotty internet throughout march tell reset modem never much else issue father speak someone get tell order stop spotty internet upgrade house internet cable agree since already battle raise monthly general point pay gb modem arris last month use gb get cable tv bundle increase gb go help situation,Neutral
'kvum8ek',think right track wifi fluctuate base many factor,Neutral
'kvum9jc',connect one call mix letter number use password bottom modem want change something familiar shorter password go cox wifi app edit wifi settings change name password want devices stay wifi one want completely separate connection list split band,Neutral
'kvvw7s2',change password router change wifi password people need learn wifi signal isp deliver signal modem modem thing router even though many providers use device modem router device modem receive signal isp pass router distribute network choose whether signal distribute via ethernet cable via wifi,Neutral
'kvwl3fe',second need tech internet line connect splitters demarc connection cable line come street modem,Neutral
'kvxbf4e',see couple years least,Neutral
'kvxitho',damn really say test colorado last year maintenance hop lol,Neutral
'kvxjgq5',cablelabs headquarter also comcast test lab cox footprint colorado major infrastructure upgrade need may years see,Neutral
'kvzcy41',plan,Neutral
'kvzdnbb',need go inside house youre get around part deny access interior techs simply reschedule gain access would install unless check signal modem meter make sure arent ber mer issue channel want tech make sure good signal reliable service,Neutral
'kvzemji',would complete install ticket unless could verify signal modem exceptions take serious thats dont tech go behind make corrections make time install good technician want make sure line clean signal error free really want skip step find issue couldve handle original ticket call waste time another appointment,Neutral
'kvzf311',rfog radio frequency glass fiber theres fiber mini node somewhere near exterior wall garage likely go coax,Neutral
'kvzf9rk',also go fiber mini node time use coax,Neutral
'kvzff6n',use rfog fiber node garage go coax,Neutral
'kw01bek',sure cox package come modem aka gateway per https probably older docsis wifi gateway like https,Neutral
'kw03dbo',recommend buy non cox modem,Neutral
'kw056pi',order options cox provide panoramic wifi gateway free years bring modem additional fee later dont remember choose one say followup email send,Neutral
'kw1wgba',beat fiber specially since dont use cgnat plan,Neutral
'kw1wnuo',drop fiber noad property per month go cox would make run fiber house coaxial,Neutral
'kw1xjce',access verizon cellular home internet,Neutral
'kw1xldp',area,Neutral
'kw1yngl',reason outages every isp go include allo,Neutral
'kw1yrvc',cox reddit every year work pay gig,Neutral
'kw1zsnz',ct,Neutral
'kw20l8f',competition area soon look forward ask either match price lose customer,Neutral
'kw20w7c',honest get outages though bad one today others areas metro area get frequently feel like cox upgrade age infrastructure fast enough leave areas spotty service,Neutral
'kw21fk1',try back part specific discount program already also think cox try create financial disincentive customers downgrade understand everything read seem point price may incoming new customers,Neutral
'kw21n0t',model gateway pretty sure swap cox store new one however gateways rat least per https fast wire connections,Neutral
'kw26qwz',suck definitely need ask purchase hardware support service speed also verizon option home internet options available via cell tower ive test even game quite surprise minimum would good use renegotiate new service cox might worth leave return new customer,Neutral
'kw28s2d',would options starlink,Neutral
'kw29v4p',current options either cox dsl latter cap whop im pay cox weve get competition come though cox already start react well see things end easier switch providers theyll price competitive switch theyre currently nowhere close,Neutral
'kw2dqfw',ont,Neutral
'kw2far3',promotion pay nonpromotional rat nonpromotional rat lock price promotions recommend always call price lock go data cap charge bill go reason educate consumer know price go educate service change company likely initial introductory promotional rate go away,Neutral
'kw2qdql',think definitely really get speed hardwired mind number people get mad dont get speed theyre astonish primarily come node cant tell pay yesterday speed test get say think cox terrible company primarily base around price fact option thats could help get lower rate,Neutral
'kw31trt',lot providers mainly centurylink cox depend ask bad switch every years keep new member status,Neutral
'kw32r2h',month thats criminal laws kind extortion bill also high years high though soon alternative providers move area cox slash price indignant cox force haggle call desk operator india get less screw price best advice give tell someone else offer much cheaper service probably switch also get modem,Neutral
'kw36i4v',like worth pay see zero reason switch slightly better speed pay,Neutral
'kw36uv5',wouldnt switch unless bad connectivity latency download pretty much worth download media file video game update upload nicer probably fine unless youre streamer content creator upload things could occasionally get bad multiple people time id downgrade today,Neutral
'kw3ewu3',know lot people keep cox use decent compare dsl dont like change keep https email offload yahoo cox us employee get service free leave cox switch fios fast could fiber better,Neutral
'kw3m29u',reliability public wifi see acknowledge problems ppl complain cox try hard like comcast ther hat company usa,Neutral
'kw3ntcc',actually believe comcast buy cox keep cox certain market word package comcast copy cat,Neutral
'kw3o6b7',bother bring comment easily provable,Neutral
'kw3xsa6',area may get whatever get panoramic gateway keep try push say absolutely need service dont use modem recommend either arris speed speed,Neutral
'kw48h14',new customer last year total internet outage time hours cancellation new service start,Neutral
'kw497zg',choice id drop tomorrow ive see sound work area im doubtful hopefully run fiber us,Neutral
'kw4c74c',definitely throttle contact tell flat would throttle due usage even though use gigablast coonection could support even though pay unlimited add plan less hours later throttle happen contact tell would,Neutral
'kw4cuc7',speed internet cox alternative would dsl,Neutral
'kw4h001',cluster outages recently coincide switch panoramic mean internet also tv often phone work home livelihood depend consistent service know last time totally incompetent service associate insist instal panoramic correctly say work month outages start happen finally get supervisor agree install look correct end nevertheless experience drop frequently sometimes reconnects minutes time hours,Neutral
'kw4kqb0',wish available north las vegas either cox centurylink,Neutral
'kw4kxe4',im north las vegas option either cox centurylink fiber anywhere around,Neutral
'kw4l7fl',wish upload speed tier alright upload would nice parent ca fiber home internet unlimited data im extremely jealous,Neutral
'kw4nd9t',cox offer even basic unlimited wouldnt jump ship instead ive pay want unlimited dont get ding go another pay extra unlimited guy break nothing monopoly verizon show area im do,Neutral
'kw4poxm',stay cox service verizon use cox choice,Neutral
'kw4tg3d',competition,Neutral
'kw5i7mr',sure party country cox rock solid outage probably n years allo fiber instal fiber block im go jump ship still cox email say data cap would apply top customers well want data cap anymore plan faster plan greater data cap alternatively cox could offer data cap increase year customer somehow think go,Neutral
'kw5m74j',depend coax,Neutral
'kw5sse9',cox cox privately own company,Neutral
'kw77to0',someone work similar company monopolistic footprint service cox area area cox service area competitor customers move option move area one choice live multiple thankfully cox two copper choices fiber soon fiber finally move across main blvd outside neighborhood get verizon block cell signal due next damn freeway,Neutral
'kw78ho4',login https cox email address password agree tos account active ask change password skip next need generate app password see https instructions get post https cox forum,Neutral
'kw79h58',try share cox ip travel router vpn work need port forward reason also wireless tv box ask think need use panoramic gateway box work,Neutral
'kw7bx2q',im work two different account step troubleshoot try account save type assume unless otherwise note follow requirements log change password perform verification log log via browsers chrome edge iphone two wife add new email account select yahoo enter username xxx mailto xxx new password set select mail save settings mail arrive immediately app look settings try copy yahoo mail similar list show google yahoo settings seem classify mbair delete account add original yahoo account form first time configure connect immediately mbair try use yahoo selection new account cox credentials item save account use default yahoo settings mbair add account fail limit initial credentials edit failure yahoo provide imap config error unable verify nslookup address enter ips verify dns errors result,Neutral
'kw7cf5y',would suggest try different email client like thunderbird see work mb hear issue native mac email client would rule issue mb,Neutral
'kw7cwlq',thank reminder try outlook mac windows ill go grab another client try validate ask would mac mail work yahoo preconfigured account type,Neutral
'kw7fbi2',finally work https https problem compound yahoo want use another cox email factor method hadnt verify either finally get use phone get straight,Neutral
'kw7i6o4',sir alan mixon super hero work initial connection fail opportunity change domain config beverage choice thank,Neutral
'kw7k91s',dump soon home internet available cox unlimited would stay instead pay extra top cost tiers speed charge even get gig service monopoly use pay jump ship asap one point pay get upload speed need work,Neutral
'kw7kxxm',today day cox come home install new cox fiber service cox pull fiber neighborhood nov feb saw change cox account log cox account saw new offer faster tier gb foe like think dont need speed dont like price note henderson nv rental property century link cox cl symmetrical service month anyway decide call cox ask new service anyway curious service would deliver though expections get answer low currently cox internet still use coax anyway phone ask service tier confirm avaialble home surprise say avaialbe like month weird number etc say rate new service contract term could answer either medium coax fiber home network rack plan rate year term schedule install today hour window idea need dont know pull fiber street side house like coax use use exist coax need new modem shall see update post experience,Neutral
'kw7kygu',plan use work smart tvs replace gateway shouldnt troublesome,Neutral
'kw7o373',connect router direct ont shouldnt problem see video https basic instructions although wouldnt need port forward options ask question run issue,Neutral
'kw7qgpq',think apply speed particular service tier change upgrade tier cox prefer aka go even faster plan upgrade quite time speed upgrade automatic sometime signal reset configuration file doesnt work see https https different speed years overall good tip,Neutral
'kw7s9ee',youre right request customer cox tech cox make call courtesy upgrade might apply large block customers also defense cox customers home network need understand limit exist network might cap speed vs cable slow network devices nic card etc today realize netgear run major constraint ethernet traffic,Neutral
'kw8gise',cool let us know go finger cross fiber home,Neutral
'kw8gvu1',concern could take yahoo mail put sun dont shine go websites organizations use cox email address change email address one gmail account easy cheesy nice peasy yahoo mail well know get hack,Neutral
'kw8h8mj',say truth truth live central phoenix cox rare occasion outage jump right usually fix within hour,Neutral
'kw8igs5',option centurylink old style hardwired copper line dsl cost save use verizon internet cover cell phone tower ft build side tower,Neutral
'kw9kv5s',upload average around,Neutral
'kw9l6os',upgrade lower speed tier december tell get panoramic gateway thats anything get rid late,Neutral
'kw9lmsb',use router,Neutral
'kw9skum',dont panoramic gateway cox give upgrade also mention upload speed direct ethernet connection computer,Neutral
'kw9stw1',contact cox tell dont need anymore process work especially try establish service modem,Neutral
'kw9vqeh',update suspect salesperson say get special deal fastest gb plan truthful exist mb plan modem rental shortly install team come subcontractor fine plan manage install anyway understand technology part type work foe enterprises base yes pure fiber install pull fiber street house house garage already instal run network closet simply patch connection patch pane unifi wan port fiber splice do street commscope equipment demarc side house fiber modem mu garage choice put signal test resplice fiber demarc begin work need router leave ip address come unifi router new fiber modem provision speed mb symmetrical cool call cox pro ask speed compare sell weeks ago transfer around cox sales apologize confirm rate pay tell foe speed remove router tell need return pay month mb tier however see ish fine really competition neighborhood cox get know fiber good install hours team instal pros know uplift speed need future get new unifi ultra router monday allow shape traffic cox vzw different network end point look forward excersize cox probably spend install sub revenue try upsell tv security voice interest would will sign year commitment foe faster speed trade lower price per month shall see deal come hope help someone,Neutral
'kw9w2ot',good swap cant force use pano,Neutral
'kw9w9hp',modem first call technical support say want put new modem account move internet service new modem need give brand model serial number mac address,Neutral
'kwacu8a',didnt need add anything,Neutral
'kwat67t',call tell want cancel weeks say require advance notice call back tell phone want deal call back,Neutral
'kwc11zj',pay penny need sales reps one job get pay much possible little dig may also find special offer basically price break one go get plan free years,Neutral
'kwc6ec3',trust sales department,Neutral
'kwcbjld',sell debt within define standard time limit could occur resolution company would error part would anomaly would guess happen cause extend drama go debt collector inform resolve uncollectible group debts own sell bulk another company instead take loss would go quiet months start different company buy debt take amount time new company process maybe,Neutral
'kwch9pf',light gateway modem router combo correct dont see activation could change physical signal go unit maybe problem something docsis gateway signal problem signal either way doubt would use reason upsell panoramic gateway make money would suggest separate modem router btw easier troubleshoot,Neutral
'kwck1xo',always run special offer like rotate pretty quickly look see,Neutral
'kwcp26n',look could recommend modem router combo buy bern look sure router pair,Neutral
'kwcsan6',point interface similar exactly cable run street pull commscope underground class fiber one strand commscope box use cable tap conduit use old fiber run demarc home build discovery park area henderson fiber cut pull commscope inside class fiber much jacket material protection underground type demarc place pull fiber ft per instructions garage area two exist run terminate network closet second floor patch panel inside fiber cut fiber splice do street one dmarc use simple cellphone size plastic mount two splice do one fiber connection back street one inside fiber ft run end point garage end inside fiber fiber ont power device mount splice do fiber ont supply cat patch cable fiber modem exist cat cable would terminate network closet patch panel another cat patch cable wan port unifi router replace cat cable old arris may redo future remove move fiber modem directly network closet basically exact approach side house directly network closet ultimately go attic could work ahead time enough information type install go do know fiber type connector type need get contact info installers independent contractors could get splice work desire buy tool let know question,Neutral
'kwd1dnw',buy internet stuff buy use refurbish kind stuff modems use internet wouldnt cuz could blacklist cuz equipment like register another account never hear dirty filter cuz like oil filter car im expert technician dirty filter thing sound like bs story ive never hear since ive internet since sorry couldnt help hope get figure good day,Neutral
'kwd2lje',get internet place modem router supply,Neutral
'kwdd321',year plan change plan anytime cox acct login,Neutral
'kwdeysc',point rant,Neutral
'kwdezri',agree,Neutral
'kwdf128',keep eye,Neutral
'kwe1kj7',cox internet vzw home internet wireless dont like price cox offer really competition neighborhood centurylink dsl option good enough anymore need work home audio voice call actually yesterday cox convert docsis base service pure fiber symmetrical speed gb plan month fiber get mb docsis via cable better reliability good years pay attention signal level arris modem support need rare struggle time past thing help years ago run new demarc point directly modem network closet take measurements modem directly connect cox side connection reconnected modem new directly run take measurements able procure band attenuators get signal level close dbmv channel dbm always measurements handy ever need tech come understand technology dose patience always help fiber cox henderson nv next vegas guess lucky neighborhood get fiber retrofit neighborhood home build rental property henderson year old townhouse centurylink fiber pay month gb symmetrical service gb symmetrical service cox primary home downgrade cox use pay extra month unlimited data use tb per month add vzw home internet connect connection ubiquity router load balance service ensure use lest tb cox also redundant connection either one go,Neutral
'kwe61c2',know offical sub cox right talk users like second say wifi mean wireless connection internet general wire connections fair wire affect wireless consider get router,Neutral
'kwe710u',saw lot sound like think talk cox also people mark post rant post rant post make mods either way look cellular internet service starlink,Neutral
'kwe7aqo',starlink get lower speed reason cox gig plan place usually like lot people use internet house,Neutral
'kwekdtv',ask need massive speed im gamer,Neutral
'kwenkoj',things need good upload security surveillance cameras require bare minimum upload work properly plus work home need vpn impact upload also upload need buy gigablast get past upload dont need gigablast overkill need charge another unlimited,Neutral
'kweqbhf',sec camz require fast upload confuse,Neutral
'kweqbhf',sec camz require fast upload confuse pretty close,Neutral
'kweuchx',hd dont know thats requirements yep one need minimum upload speed,Neutral
'kwezed0',state monopoly wifi mean folks choice would steer,Neutral
'kwf26bx',check camz amazon wyze blink chinese generic none show spec require certain upload download speed,Neutral
'kwfb2r5',confirm answer username admin password default wifi password find router factory reset device doesnt change either must,Neutral
'kwge48r',lock sa business internet dont get address trouble pass address get ubiquiti router cell modem use tip,Neutral
'kwghcv0',apn setup use suncomm router quectel chip use pass tmo unifi router instead suncomm create network unifi connect slaac,Neutral
'kwhr0cb',call cox years work gig equipment tax include also waive set fee since verizon fios call one answer hold forever work,Neutral
'kwj1q9u',im mistake think youll need log yahoo servers first accept term condition use third party app access email try login email first,Neutral
'kwj3owa',schedule technician come check everything excessive noise issue tech confirm issue simple fix require cox technician,Neutral
'kwj5g9g',never good experience anything netgear tmo currently little mmw deployment even tend attenuate power cells make range really short live get cells able get vs quite happy,Neutral
'kwjvtz1',wifi hardwired id hardwire laptop pc directly modem see speed whats ping look like packet loss,Neutral
'kwjww21',wire unstable ping packet loss,Neutral
'kwjx50u',home internet,Neutral
'kwjxb6a',panoramic gateway upgrade free already pay gateway take speed problem wire vs wireless,Neutral
'kwjyaog',schedule appointment technician check wire signal level inside outside last time technician,Neutral
'kwkqb7d',issue current plan could technical issue technician resolve upgrade work really well always better speed right amount upgrade hurt continue issue even upgrade problem hop info help,Neutral
'kwkr26m',issue fix switch quantum fiber internet pay less half cox charge download upload data cap pay month price life wont raise price every years like cox,Neutral
'kwkrbt7',stick cox sadly star link,Neutral
'kwku8sg',use social security number open account cox telecommunications service however might pay deposit except internet modem,Neutral
'kwlggky',make business sense access yahoo mail web portal free account see ads back day use pay premium mail client access would way go,Neutral
'kwmeemt',modem phase,Neutral
'kwn5ivi',try assign static ip address keep dynamic cox doesnt offer static ip address residential customers upgrade business able assign static ip address,Neutral
'kwnku1h',phone port ont cox let use pano free charge phone service even use data use cox device get phone service,Neutral
'kwnsqiu',work want hang router directly ont without pano middle assume go force pano middle hang router pano beyond turn pano able disable rout,Neutral
'kwnun74',disable rout pano ewan mode need onts mode cant put bridge mode,Neutral
'kwnv7bt',go contact home security provider see internet monitor option get rid phone,Neutral
'kwo29tt',ok yah many security systems capability,Neutral
'kwocv24',understand say agree company provide job express frustrations international reps difficulty english without racist statement like rid camel work stuff like remove credibility argument,Neutral
'kwog1zr',acp program live welfare office etc supply outside information,Neutral
'kwpek3e',provide emta phone modem charge use internet modem well hook system save monthly rental charge,Neutral
'kwpideq',ftth areas op refrencing,Neutral
'kwpinwn',work king among bug,Neutral
'kwpiotk',guess could try disable macs https instructions wireless similar wire terminal command networksetup ethernet,Neutral
'kwpvd2q',ing static ip address keep dynamic yeah ive try go dynamic well result unfortunately thank advice though,Neutral
'kwqs95b',get email successfully transfer yahoo use suggestions work iphone cox note transfer realize delete cox email account iphone go try reactivate cox account try contact yahoo hold hour cut line accessible somewhere many important note need back,Neutral
'kwrffpz',call tech support go troubleshoot theyll send tech,Neutral
'kwriu6r',mean capitalist right,Neutral
'kws56mo',backup computer recover make sure mail note select yahoo account first note select copy cox youll need go backup prior email transition find folder user yourname inside folder youll see another folder library inside folder entitle mail inside mail find yet another folder entitle v x x number os case run monterey later may even copy move folder place mac download put mine open folder youll see lot folders alpahnumerics top list correspond email account mac one cox account figure folder file case note folder want recover go mail app mac select import mailboxes youll need navigate file locate earlier note select dialog box recover note file problems dm,Neutral
'kws6cnl',cox forum reply post use yahoo mail mac thank link btw ive never actually use cox forum typically know csrs talk cox get level tech dont lurk forum years,Neutral
'kwswwx8',free channel network ones ones cable provide also network broadcasters lobby congress force cable company carry station force provide channel first broadcaster charge cable company carry channel ya know stuff put free,Neutral
'kwsx4pw',use cox dns servers else try test say google dns,Neutral
'kwt8tem',try google dns work google api service also reach server,Neutral
'kwt962k',sound like cox rout issue dns recently change take hrs update,Neutral
'kwtbeb5',use post lot take step back forum get move khoros platform tons bug plenty people still post question watch trend reason ps still hear cox phone support get outsource south america place wouldnt even doubt moderators outsource,Neutral
'kwtc4k4',least recently year ago speak level use know bo level guy region lot turnover would surprise tech except perhaps business account turf overseas,Neutral
'kwtjz81',wifi network longer broadcast issue equipment could possibly someone change settings publicly broadcast rare try factory reset see get network broadcast pano need swap dont want wait tech always ship one swap store,Neutral
'kwtrsnv',help,Neutral
'kwtybsc',signal level see https instructions get upstream ofdma channel upstream channel also log say around time slow upload dont post log unless edit mac address privacy reason general look see timeout errors log,Neutral
'kwu7xqt',static ip issue,Neutral
'kwu9h0q',packets leave cox network issue lol,Neutral
'kwug3u9',issue day customer saw data path normal cox ip rout ip supervisor advise bc older docsis modem need sup advise get modem elimate xxxxx ip hop,Neutral
'kwusa1f',upstream channel id lock status us channel type frequency width power lock hz dbmv lock hz dbmv lock hz dbmv lock hz dbmv,Neutral
'kwuszrz',downstream channel id lock status modulation frequency power correct uncorrectables lock hz dbmv db lock hz dbmv db lock hz dbmv db lock hz dbmv db lock hz dbmv db lock hz dbmv db lock hz dbmv db lock hz dbmv db lock hz dbmv db lock hz dbmv db lock hz dbmv db lock hz dbmv db lock hz dbmv db lock hz dbmv db lock hz dbmv db lock hz dbmv db lock hz dbmv db lock hz dbmv db lock hz dbmv db lock hz dbmv db lock hz dbmv db lock hz dbmv db lock hz dbmv db lock hz dbmv db lock hz dbmv db lock hz dbmv db lock hz dbmv db lock hz dbmv db lock hz dbmv db lock hz dbmv db lock hz dbmv db lock hz dbmv db lock ofdm plc hz dbmv db,Neutral
'kwutaqg',post raw data minus mac address signal level seem ok think one slightly recommendation see timeout errors,Neutral
'kwuuovx',seem like throttle probably due node overload hence reason contact physically able support speed anymore throttle code anywhere maybe change another tier throttle exist,Neutral
'kwuw8a1',see errors upstream errors make sense context could post screenshot signal level imgur work better copy paste also date slow speed look majority,Neutral
'kwv33wz',see qam upstream channel isnt weird usually upstream ofdma channel go along could hide data mention go splitters direct connection demarc ground outside room modem suggest technician troubleshoot last time line street house replace,Neutral
'kwvthly',refer slowdown node overload throttle thats im talk im talk connection due overload node contact tell due high usage go reduce speed reduce usage specific number reduce usage still reduce speed anyway verify run speed test max speed would get definitely cap specific number much lower plan contact back say decision final speed would stay reduce automatically return full speed later maybe throttle isnt right word maybe theres different word term describe isp rather automate way code system temporarily slow connection due high data usage maybe something like temporary force downgrade end user point view slow connection due usage specific amount data seem like throttle connection throttle mean happen automatically maybe incrementally code systems yeah see could call throttle,Neutral
'kwwb2ym',need go cancellation process every year keep,Neutral
'kwwbw35',box need swap something fail schedule tech stop cox store,Neutral
'kwwc5c5',input dog assume replace,Neutral
'kwwdngc',damn guess kinda forget equipment lol hell yeah,Neutral
'kwwdsj0',boomer,Neutral
'kwwenw0',multiple ways option easiest go cox store exchange equipment new one option call support keep press get agent option use cox app use smart help option give things troubleshoot skip schedule appointment option text support chat agent remember may fee may apply non cox equipment cable need replace involve avoid fee able replace wire equipment get cox complete care service offer sometimes tech let slide together hope help,Neutral
'kwweomu',plan seem operate everyday low price plan ive never offer discount plan seem offer deal,Neutral
'kwwfbmk',agree somewhat isnt rant post post help op get tech appointment leave cox internet month ago intermittent service arent bad company depend area factor yes tv free antenna problem get antenna also cox fault people charge watch tv mostly tv company like nbc abc disney fox etc cable company pay license channel pay company watch tv theres answer rant post help op hope help,Neutral
'kwwjdd5',box may mess long pay cable tv cox need internet box update box modems build,Neutral
'kwwpvkf',thats issue see time time require box swap every time box swap free charge go store bring old box youll get another one happen fail instal would incur charge tech visit also need data service update box,Neutral
'kwwwzkx',contract cox change plan whenever like,Neutral
'kwwx3b1',know say lady say able less,Neutral
'kwwxeg9',misunderstand let know anything help,Neutral
'kwwxn21',legit pay sales reps upgrade customers internet speed offer new customer price sure get information double check,Neutral
'kwx9dye',comment trawl post days later question cox shill sales procure revenue,Neutral
'kwyskk9',https https sound like need use cox internet contur box specifically relate cox look article cox website,Neutral
'kwyyzv6',replacement idea house years old wouldnt surprise og go demarc connection attic straight ft wall outlet another connection small ft run modem call tech word doesnt dismiss concern,Neutral
'kwyzqbu',refer https ive experience twice around downstream also seem drop bite happen vs,Neutral
'kx06lpw',get hang call get answer think may lol,Neutral
'kx070ny',feedback ive call back quite time thing im gon na wait try time today infurating,Neutral
'kx12pkf',particular way check modem use docsis versus model support docsis also support fastest possible speed use older docsis standard wonder issue similar customer hop go hop similar ops hop,Neutral
'kx14liy',number reddit call reactivate competitor year say get percent email even tho didnt get unlimited happy,Neutral
'kx16ij8',luck speed,Neutral
'kx1j57t',much,Neutral
'kx20okv',huh primarily single double person home need internet fast point time would pay service,Neutral
'kx2iw11',way change ip swap modem router new ones assume use equipment router see macaddress clone stand alone router,Neutral
'kx2kjdz',signal line change anything recently,Neutral
'kx2peci',type issue devices effect websites second disconnection may able trigger ip address change write address prior see change,Neutral
'kx2utc7',know issue research correct cox isnt try prevent record arent exactly sure happen last hear idea think may figure cause problem may,Neutral
'kx3tf4z',ip address try change ccc basically manage support home tech problem work fix want change lan ip address computer device would help sound like want change wan ip assign router doubt would help wan ip unless show connection issue kind modem kind router three ways try get new ip almost anybody power modem router wait minutes power back longer wait likely work sometimes need old ip release new one assign router support mac address clone allow manually enter mac address use make router appear different device change mac address something else power modem router wait minutes power back new ip assign buy new router https,Neutral
'kx3tf4z',ip address try change ccc basically manage support home tech problem work fix want change lan ip address computer device would help sound like want change wan ip assign router doubt would help wan ip unless show connection issue kind modem kind router three ways try get new ip almost anybody power modem router wait minutes power back longer wait likely work sometimes need old ip release new one assign router support mac address clone allow manually enter mac address use make router appear different device change mac address something else power modem router wait minutes power back new ip assign buy new router https,Neutral
'kx3v7c7',figure soon get fubotv watch padres open day game get home work,Neutral
'kx44kes',assume panoramic gateway change wan ip isnt practical remote support point view anyone know remove modem provision lock wall garden reprovisioning change ip ccc,Neutral
'kx482n6',frustrate able record game manage catch back half game come,Neutral
'kx4oj3g',thing happen cox last month fraud charge call well fargo freeze account saw pending charge cox tell valid charge charge never go get pay new account number freeze account change new number get bill cox return payment fee call say would refund find month bill fee similar issue credit fraud june last year philippines virginia one state maximum fee talk customer support today say would resubmit request exception doubt get approve call well fargo give case number good luck,Neutral
'kx55pd9',post rant weekly rant stick thank,Neutral
'kx62st6',people want new ips band websites power modem hours change,Neutral
'kx66m1m',qualify cox connect assist month include modem,Neutral
'kx66tsm',place use cox internet address go sit change gmail account much easier,Neutral
'kx674ao',one do research center control environment need speed go launch missiles,Neutral
'kx76ud0',device network wifi wire cloudfare rate limit lot websites straight ban like kinokuniya,Neutral
'kx76z21',might shit n giggle,Neutral
'kx77l3g',wan ip want change ill give shoot,Neutral
'kx7i9hn',watch inside house connect home pick signal cox email etc use ipad pick home,Neutral
'kx7j42h',demand cox content require cox internet work u try access apps via cox contour box yes u need internet work,Neutral
'kx7pyos',extra course,Neutral
'kx7yars',use home broadcast able tag ei account stream fee use roku device,Neutral
'kx81u1s',web interface yahoo servers run use thunderbird email usual,Neutral
'kx8vek5',post rant weekly rant stick thank,Neutral
'kx8vwks',get switch account yahoo smtp still work address wonder theyre gunna take mail servers offline,Neutral
'kx9f84m',cox mail yahoo outlook https solve outlook yahoo issue,Neutral
'kx9iezt',assume mean cloudflare find anything cloud fare remember troubleshoot customer similar experience ethernet hub connect directly router issue ethernet hub cause red flag ip address look sketch firewall block certain apps ethernet hub try remove network service use cloudflare vpn web security etc seem like cloudflare issue reset ip may resolve solution potentially happen contact already say good idea find informative link within well https last thing recommend turn type usually reason cox rental cox rental disconnect modem minute reconnecting resolve issue modem swap cost either look forums specific setup call manufacturer keep mind cox complete care may cover ip change also day contract try call tech support normal business hours get opinion higher chance talk someone high churn outsource employee help ask transfer tier season well round get damn thing sure worth resolve issue could dispute chargers hope help good luck,Neutral
'kx9kysz',see call soft credit check lower credit score remain inquiry years way potentially decrease credit score leave company unpaid balance pros think finance equipment vs pay upfront potential deposit amount mistake sales reps bill reps cox es bill system make easier walk away unresolved bill issue credit involve especially cell phone lease manufacturer,Neutral
'kx9l9gi',watch sport include baseball years care admit always get home team broadcast,Neutral
'kx9w08p',end buy new one target work,Neutral
'kx9zs6n',email transition yahoo longer tie cox cancel cox time keep email,Neutral
'kxa8mr6',long transition go take receive anything yet,Neutral
'kxaavfo',buy ei extra innings cox activate account stream away feed roku stream device home feed available cox service,Neutral
'kxab7la',prefer service thru cable simplicity mlb tv much offer also allow listen radio feed sync video broadcast give view options,Neutral
'kxakwml',im confuse,Neutral
'kxalz8v',sure one member household migrate rest us yet,Neutral
'kxaomlt',tell year chill l email,Neutral
'kxaskrt',kind modem fiber coax coax coax cable screw back modem power cord include modem,Neutral
'kxb0q8f',dump whole concept use isp email years ago due pita move new area country go motion notifiying everyone email change get gmail account make sense decent email service move pay google account worth domain one email account extra security storage,Neutral
'kxb8gzt',call cox update add modem network,Neutral
'kxb8w27',trasitions start april email still remain difference yahoo mail servers handle incoming outgo mail email subscribers recieving info soon make transition cox give subscribers year complete need step make transition subscriber within year downfall lose old email hard cut date april,Neutral
'kxba217',service base coax fiber would get look signal level modem post dbmv snr level downstream channel simple things inspect cable come home take unused splitters check tight connectors get modem signal level would first thing check post,Neutral
'kxbh7ua',must call cox register new modem,Neutral
'kxbi57l',game download might even internet speed part equation write speed drive effect download server pull file effect speed regular speed test place like speedsmart fast show get full gig,Neutral
'kxbivs7',last run show,Neutral
'kxbj1sz',check im home speak cox tell equipment need upgrade dont understand tell months ago correct one plan,Neutral
'kxbkjlq',get say situation describe would rare pull gig multiple devices unless download massive file game time possible yes likely,Neutral
'kxbl7f2',panoramic modem modem need detail,Neutral
'kxbmkay',cox completely business crook company try charge u dispute charge else fail tell credit debit card company reissue u card new number u allow bank debit ask bank block future debit call state puc well report force listen propaganda diatribe want cancel century link stall call state puc get cancel work surprise u digital antenna get load channel free internet verizon mobile offer home internet usually better price anyway,Neutral
'kxbpcin',wan na say theres set slow download speed make sure disable say long pc gigabit network port directly connect modem cat cable see fairly consistent cable signal level decent,Neutral
'kxbpgvf',decent gb plan,Neutral
'kxbqpj4',suggest arris modem stand alone modem see speed directly connect slow look signal level https fastest speed around look downstream ofdm channel two show snr none uncorrectables finally problem steam keep mind lot factor come play download something server things like server upload bandwidth congestion computer server new may help probably wont hurt router lot depend need budget wifi devices need advance feature like feature,Neutral
'kxbrzsp',really bill jump since pay gbps fiber plan year expire tell could get back lock year contract want break contract hopefully cheaper fiber company come switch internet data cap pay remove total since im lock ridiculous thats nearly half car payment internet literally fiber company around city cox force city sign municipal contract essentially state isps compete none nearby competitors move frustrate,Neutral
'kxcb17y',wire get full gigabit wire devices,Neutral
'kxcb5uf',sanity check use different wire device different ethernet cable,Neutral
'kxcb8hx',civil,Neutral
'kxcm6ei',ethernet adapter settings show full duplex,Neutral
'kxcwx2c',self register app might stick self registration second device probably emta take phone service order get better price provide little info pretty much impossible help,Neutral
'kxcxgit',kind box iptv yes youll need cox internet connection model box small box larger one post box model print front,Neutral
'kxd1ccb',device work wifi,Neutral
'kxd8u9f',devices connect issue,Neutral
'kxdqgen',cameras arent connect cloud use tons data everyday day none data leave home network nothing cox,Neutral
'kxec9ht',need check wifi program laptop would say either update reinstall power laptop way may also need general update,Neutral
'kxeft6b',would go update reinstall,Neutral
'kxelia6',show neighbor wifi fine like one two network like ten different network work ethernet cable try find permanent fix read could need change channel change ghz cox let change channel already try change ghz,Neutral
'kxen2u3',try bring laptop closer assume would connect via ethernet confirm weird affect one laptop channel congestion laptop,Neutral
'kxeq7m0',bite older lenovo thinkpad funny thing roomate laptop roughly age work fine wifi yes router stay close wan na say feet away laptop time,Neutral
'kxf052e',lenovo thinkpad wifi nic wonder problem wifi mode google could find way change could automatic mention try change ghz include disable band steer https basically want check box split band broadcast band way check see either band,Neutral
'kxf3grs',ahead give shoot luck still show wifi network somehow,Neutral
'kxfbyp8',type check laptop update try type network name see populate way may reason decide hide network,Neutral
'kxfc4b3',grasp straw point happen intel proset wireless utility bottom right screen would another wireless symbol idea routers mode change automatic firmware update laptop cant see anymore bet roommate wifi ac nic along rest devices affect could try factory reset gateway long change name password back shouldnt cause problems devices feel wont help worth try,Neutral
'kxfdt2c',android phone assume pixel dont think come native email apps,Neutral
'kxfjtry',good give deal discount call complain every month,Neutral
'kxft6ve',end effective tomorrow,Neutral
'kxfus34',years pay tiered nickel dime years never waive extra unlimited strangle hold live full bar time never drop pay month another test full peak hours flat price unlimited,Neutral
'kxg6rik',talk acp program program years acp thing end end april,Neutral
'kxgcpv9',common passwords people use password bottom box,Neutral
'kxgnixw',dont galaxy play create new account keep first account old message,Neutral
'kxh0j6s',cant change modem configuration due own cox provide cox additionally throttle base device ip ip router run separate modem router setup,Neutral
'kxh1dtu',matter own modem think sign speed tier service modem actually work registration process one parameters update modems configuration file ds us flow rate aka max allow speed provision whenever call upgrade downgrade speed tiers either ask reboot modem initiate update new flow rate update registration doubt something go say definitely throttle,Neutral
'kxh225s',file single source via vpn get different speed mean throttle ive determine theyre least throttle computer ip modem router idea lan computers ip know ip address assign throttle base youd still see bad speed vpn vpn doesnt magically change ip address cox assign ip address still use connect vpn providers network,Neutral
'kxh3he9',mention test multiple different file different source different devices also one time test test different days time well also know computer ip ive receive letter previously ip list previously torrented game forget turn vpn vpn doesnt magically change ip mask isp isnt able see,Neutral
'kxh5au7',understand however initial configuration provision configuration adjustments also ways throttle internet speed aside throttle modem via configuration isp although illegal easily implement intermidately relay throttle service would explain high packet loss network disconnect im experience,Neutral
'kxhfeqq',dns issue vpn use different dns test vpn https,Neutral
'kxhow4b',higher expense justify support time problem need tech get one day next day see several case take week get,Neutral
'kxhsik7',separate frequencies cox wifi app almost positive wifi detect update ones,Neutral
'kxhssju',literally change plan online call say want speed,Neutral
'kxhug9e',lady let first sign say possible rant obviously know,Neutral
'kxigq2u',yeah cox go something know lot people switch get way though finally switch run bill bs monthly bill count equipment charge,Neutral
'kxigweh',youve use imap move email new email program email would still server visible new account app,Neutral
'kxjag7q',ont phone port theyre able deliver phone directly via ont phone ftth require pano https,Neutral
'kxkfoo3',change att hard understand,Neutral
'kxkzefw',remember years exact things never reach limit one month next keep go could never figure keep get ding fee finally switch extra month stop madness pay plus another bill almost every month add unlimited see data go back normal pay extra,Neutral
'kxy585t',try remember post tomorrow,Neutral
'kxy5o0v',router ive test via speedtest reboot modem back full speed doesnt seem node saturation issue ive get devices internally,Neutral
'kxymwl7',retention dept able get plan price drop,Neutral
'kxzhpzu',see op pay mbps additional online discount likely go work rack rat stack promotional rat say look connect assist program lower bill speed modem include overlap qualifications also school age children live house one month speed include modem,Neutral
'ky0g6o7',dont believe change password cant get,Neutral
'ky0o9hm',sure use change wifi name password block stuff bigger issue happen,Neutral
'ky13mkc',assume mean surfboard surface next model print sticker bottom side last model panasonic device cant find model number post picture imgur,Neutral
'ky17sqg',save,Neutral
'ky1r0ek',chat follow script require sometimes sell stuff better call support get modem swap,Neutral
'ky1ua0r',surface fix turn ap,Neutral
'ky1umxh',realize box somebody connect tv ethernet actually cable box sort move ethernet cable good,Neutral
'ky1v8fc',platform sound like look cable box picture https different kinds ethernet connect box router get internet dont know get public ip weird glad figure though,Neutral
'ky203e0',contour box ethernet port sometimes panaramic whatever,Neutral
'ky205gc',box yeah,Neutral
'ky29ogq',total fakeout ethernet port contour guess must provide internet connectivity contour though appear work perfectly without,Neutral
'ky2atjz',update usually use years one contour box end im use internet panoramic gateway,Neutral
'ky2rqsc',dont need use cox router plug ethernet ont wall box straight orbi,Neutral
'ky2uexy',unifi,Neutral
'ky35w2y',internet right modem orbi router system tell need gateway coax cable guess modem hook via coax sure try get use imagine turn fiber optic everything hook way current modem router,Neutral
'ky374nk',coax cable isnt true fiber aka ftth maybe rfog mean would either need use panoramic gateway modem something like https outside home utility closet another way tell look online upload speed higher rfog could put gateway bridge mode https pay something use half modem side get gateway free contract usually first years pay monthly,Neutral
'ky39fkg',understand know think deal fiber power high speed internet true fiber optic send gateway use use regular modem router scammy way present save money similar speed probably,Neutral
'ky3abdw',regular cable internet docsis call hfc hybrid fiber coaxial thats internet node fiber last mile coaxial still shadey call fiber though ask orbi yea work forget combo,Neutral
'ky3khfd',u able get take,Neutral
'ky4iade',question better address arent really specific cox,Neutral
'ky4isi2',seed copyright material internet u get chance frox cox shut internet completly could movie could game could app program could anything didnt pay people peeer peer network like bittorrent utorrent download ip addrees download copyright content doesnt thow flag cox seed content,Neutral
'ky4jdt1',could even mobile device like cell phone tablet seed peer peer client like bottorent utorrent u find delete file uninstall peer peer app,Neutral
'ky4jloc',hear people use vpn,Neutral
'ky4mz5p',go reply comment could jailbroken firestick could someone share wifi detail share wifi detail confident non network devices use fing help sniff network cox app helpful see connect previously connect devices arent currently actively network use compare detail connect devices service like firestick app form seem like arent pirate base like video content protocols connect could trigger,Neutral
'ky4nppj',add another reply another user may another source notification trigger may totally legit cox dont get wrong say condone approve advise ignore state since werent able see directly set alarm family may another device friend maybe network need new wifi somehow network sniff guy share residential single family home know thing filter network device say disable use cox provide use moca backfeed another device may connect directly may know im go full wild chance know case filter miss scenario someone tap coax fiber really extreme thoughts possible,Neutral
'ky4wjd8',use havent active def want get back bittorrent download many reason,Neutral
'ky5i0h9',days norm depend area,Neutral
'ky61gj1',want add tv use lot data transfer sayin,Neutral
'ky6b187',finger cross,Neutral
'ky76z31',way go stuff like question,Neutral
'ky7fqej',get use vpn youre go torrent anything forget one singular time last year receive letter download sims expansion pack,Neutral
'ky7kusc',detail modem https https modem model https https,Neutral
'ky7mbfv',downstream little high although within technical spec also uncorrectables ofdm channel high assume recent reboot signal amp https somewhere coaxial leave street room modem last upload download slow,Neutral
'ky7vyjn',mullvad shoot cheap privacy orient,Neutral
'ky8kmtj',get couple strike go shutdown service get closer limit website redirect take cox page tell theyve get notice filesharing yada yada info direct remove app stop share theres link bottom click viewer agree stop share remove copyright file restore normal web traffic youll fine decades since first notice notifications contain threat ultimate account sanction service termination work cox support like years ago get mail letter notify id detect heckin dcma infringement activity could result account termination several employees time lol one guy get like notice never internet account terminate,Neutral
'ky8r0ko',pretty much plan sign cheapest mobile plan gigabit internet plan discount pay total depend location small tax top mobile service usually another dollar two tax contract cancellation fee cancel mobile service time internet rate would go back normal price even use mobile service add secondary esim iphone leave turn basically get cheaper internet price,Neutral
'ky8r7fa',backwards right keep phone break bundle,Neutral
'ky99t5d',box wireless box cox also channel right use box stream device support stream service would get wireless wire coax box old,Neutral
'ky9azrm',vary alot base competitors available address ive see customers get gig download upload month year gurantee century link fiber also available customer cox price compete areas cox available competitor run old dsl phone line download speed poor cox take advantage charge customer service money game always always,Neutral
'ky9fogs',decline insurance policy cox provide still tech visit itll cost fix issue know people get issue fix cancel four months either way issue fix without good luck,Neutral
'ky9jp10',agree think techs offer appointment push pressure,Neutral
'ky9s2ae',pay discount cox unlimited data rent modem without discount think get rip wait longer new customer cox give customer loyalty discount jk youll really feel rip,Neutral
'ky9xgw6',able finesse new promotions old one threaten cut service tell long loyal key leave room say demand polite direct way need promotion even need talk supervisor get one representative uncooperative call back get one authority give exist customers new customer do,Neutral
'kya2leu',want tech dont worry dollars take lot get charge typically main way charge happen something like input issue case modem router problem also situation dont stress want fix phone need supervisor tier support correct mix could also go store agent help try sort well,Neutral
'kya5z0h',man see comment id like come fix u free things possibly wrong signal level low box function properly old incompatible cable amplifier use b ok u go ur basement look wire house u see black amplifier green light thats issue u dont see u need tech come signal meter look deeper say cox reps phone much dont hate persecute tech come come u thats cox last line defense try hard fully resolve issue point,Neutral
'kya7o4o',bf sound uninformed deal fine,Neutral
'kya8ux1',free internet base one thing get pay cox free internet joke,Neutral
'kyaamxz',search,Neutral
'kyafin7',depend house use internet tb quite bite,Neutral
'kydjggl',dad receive many brother live home cox cut service unless warn time though idle network speed cap lower pay cox tell inquire father behalf,Neutral
'kyefzoj',sure requirements begin think benchmark speed basically ever isp feel like hard date could find,Neutral
'kyekwmz',apologize maybe poor choice word part gather isps want govt fund go need offer new broadband threshold plan fulfill requirements date effect gather,Neutral
'kyf9wyv',u shud definitelyyyy hook thst still relevant,Neutral
'kyfu867',dont signal amp im aware box side house set bridge straight cable go side modem uplink download go slow around upload still edit speedtest result minutes ago reboot modem yesterday afternoon https https,Neutral
'kyfunf3',take screenshot modem couple days build errors couple channel pretty quickly,Neutral
'kyhbbri',kind modem router recommend issue cox try upsell follow advice give instead blue blink light green world icon isnt miss wifi able connect still say connect internet modem maybe years old idk router though,Neutral
'kyi7ngh',light modems topmost modems power light follow send light receive light online light modems light link light change color may blink steady depend status typically arris modems send receive light either blue green depend whether signal bond establish connection blink connect steady online describe globe icon light blink connection cox establish become steady indicate stable connection modem connect router via ethernet cable also show light amber blue indicate type ethernet connection exist light color especially blink red yellow indicate faulty connection description establish communication cox light indicate bond course follow modem connection router moot derive signal modem many possible reason issue things try troubleshoot basic power modem router unplug power adaptors unscrew remove coaxial cable modem wait least minutes reattach coaxial cable reattach modem power adaptor turn modem reboot go sequence four light solid light case reconnect power adaptor modem power wait till see light light without blink point internet connection wifi signal case youll need call cox tech support run diagnostic remotely tell issue signal may dead die modem modem come back power router see router may dead die router replacements need cox support page provide list nmodems support range price fro less many hundreds price necessarily indication quality days unless live house small size one level suggest buy standalone modem nighthawk arris decent sure buy modem docis cox phase support docis like te one devices failure common element power supply mean tghat piece effectively dead imo perform well separate modems routers reason wi fi reception issue larger home multiple floor hard reach areas may want buy mesh system router multiple nod connect others wirelessly provide much better signal quality range single router typically single double triple nod cost hundred many hundreds dollars depend number nod etc like tp link nighthawk standalone routers good quality decent price youll want model find less mesh systems eero easy set work well tp link also sell mesh system use modem though use shop around able buy standalone modem standalone router combo go mesh system still able keep depend number nod need figure one node per floor multilevel house add areas unable reach exist router general rule may want buy much know need see whether another node need,Neutral
'kyilyqu',term service mean https dont see anything permission house ground could include link possible copy text wonder guess maybe something gateway need property within range connect hotspot,Neutral
'kyip05w',soo find say tell make sense thank,Neutral
'kyiyh3g',feel like change roommate account primary account benefit difference lol,Neutral
'kyjvfgo',try trick youve customer least year recommend look subreddit theres multiple post tell recommend chat setup cancellation date,Neutral
'kyjvqsq',look,Neutral
'kyk1oym',much data,Neutral
'kyk2kih',talk wifi cox around various cities talk wifi hotspot make mobile phone,Neutral
'kyk3k9p',hotspot cox communications,Neutral
'kyk5u29',buy arris surfboard modem already nighthawk router im confuse cox add modem account show green way world icon flash green router show internet offline make sense since still show internet access cox fool,Neutral
'kyk7ath',talk cox wifi city wide hotspot cox internet customers,Neutral
'kylojcv',point need rule modem determine whatever signal present sufficient may assume instal modem call cox provision mean add account issue provision quite likely signal level low link article tell check signal level arris modem instructions apply arris modems long ethernet cable laptop good deal easier need connect computer modem directly access modem admin screen check signal level even computer internet access connect doesnt require cox tech support connection internet via ethernet cable computer modem router would appear issue outside cox responsibility try connect computer via ethernet router follow instructions interrogate router plug power adapter modem router power outlet turn modem router wait power lead become solid green white type login credential default username admin default password password netgear genie page open click diagnostics,Neutral
'kym9vh1',modem provision account see thing happen,Neutral
'kymdxgb',long customer dont mind ask,Neutral
'kymecpv',usually call customer loyalty number get discount otherwise tell thats discount really biggest discount sign ready leave tip,Neutral
'kymfku3',use pay almost internet cable tv cut cable start get proper discount loyal customer end cut bill anywhere month instead cable tv start stream stuff use stream service way way cheaper,Neutral
'kyn32au',black amplifier green light,Neutral
'kyn9q8h',almost years cox even get rid tv phone package still pay buck month internet finally options come dump asap live show tubi freevee,Neutral
'kynnoth',store signal go straight sos weird importantly switch offer insurance call back next couple days prior get sons new phone tell late could longer get sign initially argue whole day rep offer let know circumstances yea pretty piss check newest fcc coverage map https https national coverage mobile broadband theres data theres voice say may prioritize core verizon customers neighborhood might better price bundle theyre place save decent money take sim dont use youre market discount worth see competition xfinity seattle take phone bundle two years reduce bill chunk major problem cox bs tb data cap anything stream include stream subscriptions cable box count cap ive get two users house vpn office another college class vpn school ton stream netflix youtube cruise cap month without issue need pull new distros linux work systems dont care pay extra care song dance sales pitch spend five minutes want max data never talk century link non issue synchronous speed data cap deal crap phoenix customer care reps get phone seem bite sharpest tack fortunately theres new fiber company part valley theyll thursday replace cox service synchronous asynchronous crap cox toss around less favorable work vpn one vpn connection work im least cox two years,Neutral
'kynwwck',years,Neutral
'kynx3ff',get ta get laptop chat set see get lol,Neutral
'kyo2t4w',cable portion dont lot people live definitely stream lower bandwidth tiers sure unlimited bandwidth addon cost get apple tv nvidia shield tv box use online stream service tv build would use one two time,Neutral
'kyo3fqw',resolve yet ask escallation track issue feel kind weird really regular interval fine week notice slow download stream buffer check borked reboot work know long say could probably run script nightly really get properly fix,Neutral
'kyoc5tu',always use modem currently https https,Neutral
'kyobahb',call number right solar eclipse straight ask discount account gentleman right away give think ask say actual plan could discount say original discount plan gon na expire though call ahead say today show recommend call back days ahead discount plan expiration could option get discount plan use months instead get discount plan first may months originally sept think cox automatically double speed exist customers mine get someone try call number think apply discount right away without cancellation try way hope work others good luck,Neutral
