MsgID,MsgBody,roberta_sentiment
'kux58e3',reason delete anything cox see computer fuck sake,Negative
'kux58e3',reason delete anything cox see computer fuck sake,Negative
'kuxg6u6',win useless comment award today,Negative
'kuxso2t',come across post similar situations make informal complaints fcc subpar service service providers follow link https https,Negative
'kv17a9c',cox doesnt provide wifi provide internet,Negative
'kv353z0',think yahoo die sell insane,Negative
'kv353z0',think yahoo die sell insane,Negative
'kv5mpyt',know im late party cox definately block vpn proton also try ipvanish block well soon disconnect vpn internet magically get connect guy say way cox isnt block vpn fault wrong sadly cox monopoly area even att choice mean one isp im country anything pretty big city,Negative
'kv80qoj',rant cox keep get away charge people plus dollars gigabit internet come home long day work watch tv find internet look website outages unplug router plug back thats ask complain find internet speed theres get something make much money shit like allow,Negative
'kv8w8l2',neighbor cox speed reliability issue,Negative
'kvas8o2',smart hub better throw tantrum,Negative
'kvb0cvu',oh someone internet angry first day reddit ceo cox hurt feel google spend three hours google try get fix thank incredibly unhelpful input,Negative
'kvb5oaw',spend hours google nothing make learn quicker offer knowledge clearly havent already find topic youre right throw stuff away,Negative
'kvo7ney',crazy dads company go force move equipment office storage unit back house box paperwork clean equipment sensitive chemicals mess dad super insecure nobody company unfortunately get another storage unit stuff new company start turn profit room house modem worst foot stack box fall many time,Negative
'kvr8yip',didnt know cox sell something im loop,Negative
'kvrcgem',fiber centurylink fiber fiber literally anything cox theyre awful,Negative
'kvreqmv',dads really worry know tech care also think part anxiety come danger stuff room modem stay chemicals acids knock could harm mix could kill,Negative
'kvrf7fu',care sense profit customer experience hence probably millions spend try convince people phone internet bad instead use money upgrade infrastructure compete big bad phone internet,Negative
'kvrhlbg',still havent receive email notify move yahoo today outlook cant download email,Negative
'kvrtn91',tasty stuff shouldnt even home mean home home whoevers home live want personally dont stuff like home put modem different room,Negative
'kvs1de3',weather change effect cable coax go low cause issue get tech get ticket maintenance get check,Negative
'kvs20ve',work call weird experience though oddly take literally try get call keep end guy come finally say hello say yes hello realize hes work guess go yes cox help say yeah go cancel service bill go next month offer discount pull account phone number ask pin confirm address put hold come back confirm service tell full price internet data plan cheaper pay never call number never set cancelation date never get email offer seem like may room untrained outsource people fire discount give try dont surprise odd unprofessional experience haha,Negative
'kvsiy97',jot number accidentally hit reply,Negative
'kvukknk',gon na explain idea youve do base message guess youve split ghz wifi theyve get different name wont get gigabit wifi also highly unlikely wire connection take account devices environmental factor,Negative
'kvz174s',cox trash theyve lie twice price tell unlimited last year sign unlimited agree price internet disconnect multiple time day get packet loss everyday constantly,Negative
'kw03q0c',budget allow pay time downside less support,Negative
'kw2465i',constantly raise price reason,Negative
'kw285il',cox suck wish areas fios fiber broadband option instead cox monopoly,Negative
'kw2jpdy',promotional promotion switch mobile carrier start land line add hit data cap pay stupid data cap exist much higher raise price regularly bill go educate consumer question look better educate gladly,Negative
'kw4lxv1',cable cant really compete fiber anyway especially direct fiber home connection,Negative
'kw4m6aw',upload imin nlv still even pretty sad speed package,Negative
'kw4up4o',unsymmetrical upload speed charge data overages even data push rarely see double occurrences system double bill happen cox mediocre best low bar unfortunately without much competition raise bar luckily modems thing cox bash advertisements cheaper tech require unlimited data low cox know cable die sales team internet cell phone focus,Negative
'kw51cxn',buffer still occur even connect ethernet feel thank use wireless connection lag spike constant unavoidable,Negative
'kw5dt31',people always tell deal poor service cox offer cuz company available areas sound like already know answer competitors despite desperate attempt get literally fiber come house think want overpay mediocre internet data limit think like waste time every year call threaten cancel wont overcharge even worse already,Negative
'kw5x0w4',options satellite satellite somehow worse cox,Negative
'kw69ehy',really doubt earth would get cable tv help internet speed sound like load crock,Negative
'kw6hrwe',suffer cox monopoly sick,Negative
'kw6rjho',little choice site store work home need able get internet work day hate price hate customer service people actually know solve problems really need level tech time even gamble,Negative
'kw6vtzt',competitor would dump minute,Negative
'kw71pdo',get gig unlimited data also area importantly hate passion,Negative
'kw7eojn',canary try configure account fail use yahoo account type connect immediately,Negative
'kw7ghl2',thunderbird errors use recommendations change authorization redirect yahoo bam connect deviate instructions would require mail client oauth use kinda mess gon na keep try figure straight ssl config instructions state,Negative
'kw80f2o',load crock thank make sense call next day remove bs previous rep add account tell rep never add note make change next rep begin shut crap fast,Negative
'kw8ho29',ask corrupt file could issue also node overload something wrong area associate get guy check things like real pain keister corrupt file thing may transfer level support,Negative
'kw9lokz',choice would drop cox heart beat competition area,Negative
'kw9ovce',get rid long dont phone service,Negative
'kw9shor',okay dont phone service,Negative
'kwb6bwh',im boat im get verizon home internet setup tomorrow cox ass last week push edge upload kilobits gigablast plan think get another service years wasnt options recently dont want fully switch verizon unreliable far tower,Negative
'kwbjw8f',disgust criminal wonder lot ppl know also cancel service option thank warn cox predatory practice stay away sure hope get justice soon bet time cox kinda crook biz stuff surprise class action lawsuit cox,Negative
'kwbkgkb',pure evil saw op https,Negative
'kwd281v',modem control put laymans term file throughout years cox ive hear many people call corrupt file cause problems speed,Negative
'kwe6f61',know honestly point post steer potential customers away awful service wire connections wireless completely nonfunctional cant use ring camera smart tv computers hue light anything require internet house regardless wire ive cox customer years go least time month,Negative
'kwe8jpt',isnt dependability important speed seem complaint also actually use anything lot people mean even everyone use max stream could people house iot game usually take little bandwidth say options vote wallet hurt cox complaint,Negative
'kweb1pn',house constant outages nearly two years deal cox figure splitter street corrode cause intermittent outages replace havent issue since,Negative
'kwenbdq',experience option upgrade cox business give sometimes never ever ever advertise new broadband requirement definitions hope cox get fin false advertise,Negative
'kwenbdq',experience option upgrade cox business give sometimes never ever ever advertise new broadband requirement definitions tmo vzw meet requirements cox longer able say broadband,Negative
'kwf2npw',go cable fiber tap modem verify issue isnt thats first step blame provider think crack pip house blame city water say problem isnt local infrastructure cox thats first step dont trust cox tech hire av guy go cable fiber line verify ok need replace children wine grow men fix problem themself,Negative
'kwfpmke',need confirm problem many people know complain wifi problems blame provider problem actually thier home exist wire get everyone tech background suggest people get educate tech get io service fro provider install cable modem modem get router separate router wifi cant get mesh router multiple access point check costco best use ubuntu unifi tech use wire cat use wire,Negative
'kwj1xot',yeah sound right bad netgear pretty shit hasnt get let even though thats effectively ive try thx sanity check netgear garbage literally thrill idea spend towards another modem good know im basically replacement away things work p like btw find didnt mmwave support despite kinda sour impression bite havent hear much otherwise quite curious get take performance,Negative
'kwj4oo3',ive say ever since start wouldnt let yahoo handle toilet paper go place use cox email directly change gmail didnt fool yahoo,Negative
'kwj8iv6',already appear yahoo try make pay dollars month set email forward https https insane scam,Negative
'kwkwpdq',shame screw twice shame,Negative
'kwl8o77',know yahoo charge dollars month decide foward email information never give cox exployees always corporations mess people lol cox email sht yahoo even worse,Negative
'kwl8p7h',scam,Negative
'kwmeubi',excessive noise line need cox technician check noise come could simple bad connector technician able figure pretty quickly,Negative
'kwnrq4a',typo hope werent offend stand comment much money mega company make youd think could least decency provide us base customers onshore customer service offshore reps barely speak rudimentary english,Negative
'kwr4bf2',bros jobless,Negative
'kwrokn1',struggle last weekend give fiddle hours,Negative
'kwsbvo1',cox matter fact trash cable company theyre scam tv invent free cable get ahold everyone drop cable maybe us old people social security could watch decent movie,Negative
'kwseg64',help issue sorry age,Negative
'kwtl64i',instal modem tell web interface come later accessible weird vodafone modem normal web interface want turn since also router already shitton network around obviously cause problems,Negative
'kwuquqe',tinker cost qualify dont touch probably end pay fix tinker cost real problem,Negative
'kwuv717',happen comcast cable cox recently cox app suddenly appear samsung tv idea care much tv tell use much storage apparently cure dump apps like dump cox app use never choose know rear head get rid go screw something else,Negative
'kwwdkk4',absolutely free equipment wont free dont right,Negative
'kwybw1l',use trawl incorrectly go insult class,Negative
'kx031jm',data point anyone every time call number hang ive try time far go whole queue say next caller hold music stop hang im gon na try hour piss,Negative
'kx1ledn',light blink internet cox extremely unhelpful,Negative
'kx1wjh4',ccc wont allow change ip one change ip try power modem day see lease expire see dhcp server give different ip also try vpn,Negative
'kx1x2rg',vpns arent mass blacklist well residential pain ass,Negative
'kx260us',chat support try ropeadope take complaint straight fcc fraudulent business tactics also reach executive escalations corporate number file complaint,Negative
'kx5wrth',internet tv cell phone providers soft credit check refuse u pay deposit certain service upfront,Negative
'kx6qjcm',problems record game due copyright issue rebodcasting right impose upon football baseball hockey soccer etc,Negative
'kx771u1',router feature try doesnt work turn,Negative
'kx8otsw',years buy modems amazon use cox internet house never work cox panorama modems slow work,Negative
'kx94xt4',sorry ei account,Negative
'kxa07tg',suck know better,Negative
'kxblu6h',thier pinhole reset button back modem get paper clip press second release modem go back default settings wifi name password bottom sticker modem still doesnt broadcast wifi equiptment failure take nearest cox solutions store swap,Negative
'kxbrbhl',model number devices get print sticker bottom device post picture imgur also say wifi doesnt work mean see network name ssid connect connect get online last get online plug device directly modem ethernet,Negative
'kxc87kq',absolute fuck worst,Negative
'kxefdgs',wife lose bunch email initiate process sorry need talk yahoo,Negative
'kxehxp0',show wifi name ssid sound like something wrong laptop anything change since week ago drop get wet,Negative
'kxevrbz',issue light green modem blink orange try sign gateway say user admin password wrong,Negative
'kxevs6q',deal service since friday afternoon almost hours estimate service restoration worst service ever see,Negative
'kxgyn2z',know comparable service cox lack intelligent service options pass extreme,Negative
'kxh00w0',sigh throttle throttle use vpn would nt matter throttle would need change actual cmts control flow rate basically throttle occur would need result modem configuration change limit flow rate point vpn even able cause get speed sound like inefficient rout problem hop somewhere cox throttle,Negative
'kxh1m9q',suboptimal solution cant move email way,Negative
'kxh5492',vpn doesnt magically change ip mask isp isnt able see correct,Negative
'kxh5q00',packet loss disconnect fancy intermidately relay simply unmaintained coax network noise ingress cause issue could also signal issue wire house,Negative
'kxifkfn',throttle limit youre pay less would congestion local node config issue lan devices cause performance issue feel like legit gripe cox file fcc complaint report https come reddit toddler mode cry fight genuinely try help isnt useful cox jump fcc complaint,Negative
'ky0o2jy',issue husband get app either reset router pause devices piss lol,Negative
'ky14u7p',thing op may confuse various word modem router bridge mode,Negative
'ky2b3tw',panoramic modem fan ive never encounter modem fan always room someone sleep pathetic hunk sh,Negative
'ky330k7',cox tv service cox phone shouldnt need panoramic gateway dont know force users use even service doesnt even support,Negative
'ky3c8vr',would try use gmail mail client android phone able get wifes email transition work little trial error issue still gmail doesnt really like send group email,Negative
'ky4j4s9',thoughts definitely check source email sender legitimately cox help company run website fb page integrations get lot baseless copyright infringement warn appear legit first bogus url want click say fb etc big flag realize hoax spam bot etc im say anyone initially get message unsuspecting like may scammed link click say notifications arent real legit im say perspective get lot lately email may get batch attempt phishing could possibility,Negative
'ky4lou4',response feel shut would already either way wont bittorrenting worth,Negative
'ky95qxt',case first time call say cm sb mention agent tell press factory reset button least would wipe account info previous owner work leave case someone issue future dont want make fake serial number tldr buy modem amazon press factory reset button least activate modem,Negative
'ky9ex5v',want say outages freak ridiculous pay service service unavailable still bill hate cox company deal deal option,Negative
'ky9ikde',unnecessary sales push current customer blah fuck,Negative
'ky9mblc',thing happen take box back cox store get employee sort happen would notice discrepancy give new box thats tech support make worse keep want send technician would bill fault say go back tell guy swap gateways help sort tech support,Negative
'ky9rkls',husband get piss know piss thats wont give pw cox app lol,Negative
'ky9ze7e',customer since even sell internet service use buy telephone service dollars come dial dsl highspeed know mean every months acp try raise doesnt even take much finesse explain cant afford wan na schedule service cancel mess part show little customer appreciation stop make us jump hoop discount could afford apply hope fcc bring back net neutrality cox could go back company didnt mind pay,Negative
'ky9zxz3',good internet provider would justifiable see terrible toxic,Negative
'kygeuns',gigs world wont save constant outages unfortunately finally give go back verizon internet outages months cox service suck,Negative
'kyixsog',instant fuck cox shady business practice,Negative
'kyiy0hh',shady tactics,Negative
'kyl1kd2',question happen im stress,Negative
'kyl1rce',make sense sure plenty happy customers cox easily worst isp ever though huge margin fact experience frustrate come online say pay month yet often barely crack,Negative
'kylz23t',happen scummy way treat customers badger let sign acp line pocket taxpayer money file complaint fcc bbb,Negative
'kymksff',model modem also default dont work try factory reset last problem happen connect pc directly modem ethernet,Negative
'kyms9sw',rid cable tv imo cant keep one box,Negative
'kyojjv4',work sorry reply old post issue connect via ethernet anything involve network isnt work,Negative
